x_val,y_val,pitch,yaw,val,time-14,-80,0,0,0.449761,0.000000,1493599323
-14,-80,0,0,0.449761,0.000000,1493599324
-14,-80,0,0,0.449761,0.000000,1493599324
-15,-80,0,0,0.450548,0.000000,1493599324
-14,-80,0,0,0.449761,0.000000,1493599324
-15,-80,0,0,0.450548,0.000000,1493599324
-14,-80,0,0,0.449761,0.000000,1493599324
-15,-80,0,0,0.450548,0.000000,1493599324
-15,-80,0,0,0.450548,0.000000,1493599324
-15,-80,0,0,0.450548,0.000000,1493599324
-15,-79,0,0,0.439506,0.000000,1493599324
-15,-80,0,0,0.450548,0.000000,1493599324
-15,-80,0,0,0.450548,0.000000,1493599324
-15,-80,0,0,0.450548,0.000000,1493599324
-15,-79,0,0,0.439506,0.000000,1493599324
-15,-80,0,0,0.450548,0.000000,1493599324
-15,-79,0,0,0.439506,0.000000,1493599324
-15,-80,0,0,0.450548,0.000000,1493599324
-15,-80,0,0,0.450548,0.000000,1493599324
-15,-80,0,0,0.450548,0.000000,1493599324
-15,-79,0,0,0.439506,0.000000,1493599324
-14,-79,0,0,0.43872,0.000000,1493599324
-14,-79,0,0,0.43872,0.000000,1493599324
-14,-79,0,0,0.43872,0.000000,1493599324
-14,-79,0,0,0.43872,0.000000,1493599324
-14,-79,0,0,0.43872,0.000000,1493599324
-14,-79,0,0,0.43872,0.000000,1493599324
-14,-79,0,0,0.43872,0.000000,1493599324
-14,-79,0,0,0.43872,0.000000,1493599324
-14,-79,0,0,0.43872,0.000000,1493599324
-14,-79,0,0,0.43872,0.000000,1493599324
-14,-80,0,0,0.449761,0.000000,1493599324
-14,-79,0,0,0.43872,0.000000,1493599324
-14,-79,0,0,0.43872,0.000000,1493599324
-14,-79,0,0,0.43872,0.000000,1493599324
-14,-79,0,0,0.43872,0.000000,1493599324
-15,-79,0,0,0.439506,0.000000,1493599324
-14,-79,0,0,0.43872,0.000000,1493599324
-15,-79,0,0,0.439506,0.000000,1493599324
-14,-79,0,0,0.43872,0.000000,1493599324
-15,-79,0,0,0.439506,0.000000,1493599324
-15,-79,0,0,0.439506,0.000000,1493599325
-15,-79,0,0,0.439506,0.000000,1493599325
-15,-79,0,0,0.439506,0.000000,1493599325
-15,-79,0,0,0.439506,0.000000,1493599325
-15,-79,0,0,0.439506,0.000000,1493599325
-15,-79,0,0,0.439506,0.000000,1493599325
-15,-79,0,0,0.439506,0.000000,1493599325
-15,-80,0,0,0.450548,0.000000,1493599325
-15,-79,0,0,0.439506,0.000000,1493599325
-15,-80,0,0,0.450548,0.000000,1493599325
-15,-80,0,0,0.450548,0.000000,1493599325
-15,-80,0,0,0.450548,0.000000,1493599325
-15,-80,0,0,0.450548,0.000000,1493599325
-15,-80,0,0,0.450548,0.000000,1493599325
-15,-80,0,0,0.450548,0.000000,1493599325
-15,-80,0,0,0.450548,0.000000,1493599325
-15,-80,0,0,0.450548,0.000000,1493599325
-15,-80,0,0,0.450548,0.000000,1493599325
-16,-80,0,0,0.451389,0.000000,1493599325
-14,-80,0,0,0.449761,0.000000,1493599325
-11,-80,0,0,0.447727,0.000000,1493599325
2,-80,0,0,0.444553,0.000000,1493599325
28,-83,0,0,0.49967,0.000000,1493599325
28,-83,0,0,0.49967,0.000000,1493599325
76,-83,0,0,0.635087,0.000000,1493599325
108,-123,0.3,0,1.36703,0.000000,1493599325
108,-123,0.3,0,1.36703,0.000000,1493599325
108,-123,0.3,0,1.36703,0.000000,1493599325
108,-123,0.3,0,1.36703,0.000000,1493599325
108,-123,0.3,0,1.36703,0.000000,1493599325
108,-123,0.3,0,1.36703,0.000000,1493599325
108,-123,0.3,0,1.36703,0.000000,1493599325
108,-123,0.3,0,1.36703,0.000000,1493599325
108,-123,0.3,0,1.36703,0.000000,1493599325
108,-123,0.3,0,1.36703,0.000000,1493599325
108,-123,0.3,0,1.36703,0.000000,1493599325
221,-140,0,-0.3,2.68601,0.000000,1493599325
221,-141,0,-0.3,2.70552,0.000000,1493599325
162,-111,0,-0.3,1.56754,0.000000,1493599325
124,-75,0,0,0.807726,0.000000,1493599326
124,-75,0,0,0.807726,0.000000,1493599326
124,-75,0,0,0.807726,0.000000,1493599326
124,-75,0,0,0.807726,0.000000,1493599326
124,-75,0,0,0.807726,0.000000,1493599326
124,-75,0,0,0.807726,0.000000,1493599326
124,-75,0,0,0.807726,0.000000,1493599326
124,-75,0,0,0.807726,0.000000,1493599326
14,-69,0,0,0.335942,0.000000,1493599326
32,-63,0,0,0.303403,0.000000,1493599326
32,-63,0,0,0.303403,0.000000,1493599326
44,-56,0,0,0.270295,0.000000,1493599326
47,-51,0,0,0.240548,0.000000,1493599326
47,-51,0,0,0.240548,0.000000,1493599326
45,-49,0,0,0.221668,0.000000,1493599326
38,-48,0,0,0.199171,0.000000,1493599326
33,-46,0,0,0.176485,0.000000,1493599326
30,-42,0,0,0.146914,0.000000,1493599326
30,-42,0,0,0.146914,0.000000,1493599326
28,-39,0,0,0.126892,0.000000,1493599326
27,-39,0,0,0.1254,0.000000,1493599326
27,-39,0,0,0.1254,0.000000,1493599326
27,-39,0,0,0.1254,0.000000,1493599326
27,-39,0,0,0.1254,0.000000,1493599326
26,-41,0,0,0.135074,0.000000,1493599326
26,-41,0,0,0.135074,0.000000,1493599326
23,-42,0,0,0.13685,0.000000,1493599326
20,-43,0,0,0.139253,0.000000,1493599326
20,-41,0,0,0.127587,0.000000,1493599326
20,-41,0,0,0.127587,0.000000,1493599326
18,-40,0,0,0.1199,0.000000,1493599326
19,-40,0,0,0.120904,0.000000,1493599326
20,-40,0,0,0.121962,0.000000,1493599326
21,-40,0,0,0.123074,0.000000,1493599326
22,-41,0,0,0.129865,0.000000,1493599326
21,-41,0,0,0.128699,0.000000,1493599326
21,-41,0,0,0.128699,0.000000,1493599326
21,-41,0,0,0.128699,0.000000,1493599327
21,-41,0,0,0.128699,0.000000,1493599327
21,-41,0,0,0.128699,0.000000,1493599327
21,-41,0,0,0.128699,0.000000,1493599327
21,-41,0,0,0.128699,0.000000,1493599327
21,-42,0,0,0.134463,0.000000,1493599327
21,-41,0,0,0.128699,0.000000,1493599327
22,-40,0,0,0.12424,0.000000,1493599327
24,-39,0,0,0.12125,0.000000,1493599327
25,-38,0,0,0.117232,0.000000,1493599327
26,-38,0,0,0.118615,0.000000,1493599327
26,-38,0,0,0.118615,0.000000,1493599327
26,-38,0,0,0.118615,0.000000,1493599327
26,-38,0,0,0.118615,0.000000,1493599327
28,-36,0,0,0.111267,0.000000,1493599327
29,-35,0,0,0.107883,0.000000,1493599327
30,-34,0,0,0.104692,0.000000,1493599327
30,-34,0,0,0.104692,0.000000,1493599327
30,-33,0,0,0.100039,0.000000,1493599327
31,-32,0,0,0.0971799,0.000000,1493599327
32,-31,0,0,0.0945139,0.000000,1493599327
32,-30,0,0,0.0902778,0.000000,1493599327
32,-29,0,0,0.0861806,0.000000,1493599327
33,-28,0,0,0.0839855,0.000000,1493599327
34,-27,0,0,0.0819835,0.000000,1493599327
34,-27,0,0,0.0819835,0.000000,1493599327
35,-26,0,0,0.0801747,0.000000,1493599327
37,-24,0,0,0.0771365,0.000000,1493599327
39,-21,0,0,0.0718848,0.000000,1493599327
41,-16,0,0,0.0633778,0.000000,1493599327
42,-12,0,0,0.0578516,0.000000,1493599327
42,-12,0,0,0.0578516,0.000000,1493599327
43,-7,0,0,0.0535601,0.000000,1493599327
44,-2,0,0,0.0527951,0.000000,1493599327
45,2,0,0,0.0552094,0.000000,1493599327
46,6,0,0,0.0599002,0.000000,1493599327
47,9,0,0,0.065548,0.000000,1493599328
47,9,0,0,0.065548,0.000000,1493599328
48,13,0,0,0.0742361,0.000000,1493599328
48,18,0,0,0.085,0.000000,1493599328
49,21,0,0,0.0957563,0.000000,1493599328
49,25,0,0,0.108534,0.000000,1493599328
49,28,0,0,0.119576,0.000000,1493599328
50,28,0,0,0.122261,0.000000,1493599328
50,30,0,0,0.130317,0.000000,1493599328
50,32,0,0,0.138928,0.000000,1493599328
50,34,0,0,0.148095,0.000000,1493599328
50,34,0,0,0.148095,0.000000,1493599328
49,36,0,0,0.155131,0.000000,1493599328
49,37,0,0,0.160201,0.000000,1493599328
49,38,0,0,0.165409,0.000000,1493599328
49,40,0,0,0.176242,0.000000,1493599328
50,41,0,0,0.184553,0.000000,1493599328
50,41,0,0,0.184553,0.000000,1493599328
50,42,0,0,0.190317,0.000000,1493599328
50,43,0,0,0.19622,0.000000,1493599328
50,44,0,0,0.202261,0.000000,1493599328
50,46,0,0,0.214761,0.000000,1493599328
51,48,0,0,0.230557,0.000000,1493599328
52,49,0,0,0.240087,0.000000,1493599328
52,51,0,0,0.253976,0.000000,1493599328
52,51,0,0,0.253976,0.000000,1493599328
53,52,0,0,0.263977,0.000000,1493599328
54,53,0,0,0.274171,0.000000,1493599328
55,55,0,0,0.292128,0.000000,1493599328
55,55,0,0,0.292128,0.000000,1493599328
56,56,0,0,0.302847,0.000000,1493599328
57,57,0,0,0.31376,0.000000,1493599328
58,58,0,0,0.324865,0.000000,1493599328
58,58,0,0,0.324865,0.000000,1493599328
59,59,0,0,0.336164,0.000000,1493599328
60,60,0,0,0.347656,0.000000,1493599328
60,60,0,0,0.347656,0.000000,1493599328
61,60,0,0,0.350939,1000.000000,1493599329
62,60,0,0,0.354275,0.000000,1493599329
64,61,0,0,0.369514,0.000000,1493599329
65,61,0,0,0.373013,0.000000,1493599329
67,62,0,0,0.388716,0.000000,1493599329
68,62,0,0,0.392378,0.000000,1493599329
70,62,0,0,0.399865,0.000000,1493599329
70,62,0,0,0.399865,0.000000,1493599329
71,63,0,0,0.412371,0.000000,1493599329
73,63,0,0,0.420183,0.000000,1493599329
73,63,0,0,0.420183,0.000000,1493599329
74,63,0,0,0.424171,0.000000,1493599329
75,63,0,0,0.428213,0.000000,1493599329
76,64,0,0,0.441128,0.000000,1493599329
76,64,0,0,0.441128,0.000000,1493599329
78,64,0,0,0.449484,0.000000,1493599329
79,64,0,0,0.453742,0.000000,1493599329
80,64,0,0,0.458056,0.000000,1493599329
82,64,0,0,0.466845,0.000000,1493599329
82,65,0,0,0.475803,0.000000,1493599329
82,64,0,0,0.466845,0.000000,1493599329
84,65,0,0,0.484809,0.000000,1493599329
84,65,0,0,0.484809,0.000000,1493599329
85,64,0,0,0.480435,0.000000,1493599329
84,65,0,0,0.484809,0.000000,1493599329
85,65,0,0,0.489393,0.000000,1493599329
83,66,0,0,0.489376,0.000000,1493599329
84,65,0,0,0.484809,0.000000,1493599329
83,66,0,0,0.489376,0.000000,1493599329
81,66,0,0,0.480479,0.000000,1493599329
80,66,0,0,0.476111,0.000000,1493599329
78,66,0,0,0.467539,0.000000,1493599329
77,66,0,0,0.463334,0.000000,1493599329
74,66,0,0,0.451046,0.000000,1493599329
72,66,0,0,0.443125,0.000000,1493599329
71,66,0,0,0.439246,0.000000,1493599329
70,66,0,0,0.435421,0.000000,1493599329
69,66,0,0,0.43165,0.000000,1493599330
67,66,0,0,0.424272,0.000000,1493599330
67,65,0,0,0.415175,0.000000,1493599330
65,66,0,0,0.41711,0.000000,1493599330
66,65,0,0,0.411567,0.000000,1493599330
65,65,0,0,0.408013,0.000000,1493599330
65,65,0,0,0.408013,0.000000,1493599330
66,65,0,0,0.411567,0.000000,1493599330
66,64,0,0,0.402609,0.000000,1493599330
66,64,0,0,0.402609,0.000000,1493599330
68,64,0,0,0.409878,0.000000,1493599330
68,64,0,0,0.409878,0.000000,1493599330
69,64,0,0,0.413595,0.000000,1493599330
70,64,0,0,0.417365,0.000000,1493599330
70,64,0,0,0.417365,0.000000,1493599330
70,64,0,0,0.417365,0.000000,1493599330
69,64,0,0,0.413595,0.000000,1493599330
68,65,0,0,0.418837,0.000000,1493599330
66,66,0,0,0.420664,0.000000,1493599330
65,66,0,0,0.41711,0.000000,1493599330
64,65,0,0,0.404514,0.000000,1493599330
63,65,0,0,0.401069,0.000000,1493599330
61,65,0,0,0.394341,0.000000,1493599330
59,65,0,0,0.387831,0.000000,1493599330
55,66,0,0,0.384558,0.000000,1493599330
54,65,0,0,0.372504,0.000000,1493599330
51,65,0,0,0.363959,0.000000,1493599330
51,65,0,0,0.363959,0.000000,1493599330
48,64,0,0,0.346944,0.000000,1493599330
45,64,0,0,0.339376,0.000000,1493599330
42,64,0,0,0.332296,0.000000,1493599330
40,63,0,0,0.319028,0.000000,1493599330
37,64,0,0,0.321581,0.000000,1493599330
37,64,0,0,0.321581,0.000000,1493599330
34,64,0,0,0.315803,0.000000,1493599330
32,64,0,0,0.312222,0.000000,1493599331
29,64,0,0,0.307258,0.000000,1493599331
26,64,0,0,0.302782,0.000000,1493599331
26,64,0,0,0.302782,0.000000,1493599331
23,64,0,0,0.298794,0.000000,1493599331
19,64,0,0,0.294237,0.000000,1493599331
16,65,0,0,0.300347,0.000000,1493599331
12,66,0,0,0.306406,0.000000,1493599331
8,64,0,0,0.286181,0.000000,1493599331
8,64,0,0,0.286181,0.000000,1493599331
4,63,0,0,0.276059,0.000000,1493599331
0,62,0,0,0.266944,0.000000,1493599331
-4,62,0,0,0.267378,0.000000,1493599331
-9,62,0,0,0.269142,0.000000,1493599331
-14,62,0,0,0.272261,0.000000,1493599331
-18,62,0,0,0.275734,0.000000,1493599331
-18,63,0,0,0.284414,0.000000,1493599331
-23,62,0,0,0.281294,0.000000,1493599331
-28,62,0,0,0.288212,0.000000,1493599331
-32,60,0,0,0.277778,0.000000,1493599331
-32,60,0,0,0.277778,0.000000,1493599331
-37,60,0,0,0.287136,0.000000,1493599331
-42,59,0,0,0.289588,0.000000,1493599331
-47,58,0,0,0.293534,0.000000,1493599331
-47,58,0,0,0.293534,0.000000,1493599331
-52,57,0,0,0.298976,0.000000,1493599331
-57,57,0,0,0.31376,0.000000,1493599331
-62,55,0,0,0.314345,0.000000,1493599331
-67,54,0,0,0.324272,0.000000,1493599331
-73,53,0,0,0.339628,0.000000,1493599331
-72,53,0,0,0.335694,0.000000,1493599331
-78,52,0,0,0.352817,0.000000,1493599331
-84,51,0,0,0.372031,0.000000,1493599331
-84,51,0,0,0.372031,0.000000,1493599331
-89,49,0,0,0.381607,0.000000,1493599331
-95,47,0,0,0.398222,0.000000,1493599331
-100,46,0,0,0.418212,0.000000,1493599331
-100,46,0,0,0.418212,0.000000,1493599332
-105,45,0,0,0.439697,0.000000,1493599332
-110,44,0,0,0.462678,0.000000,1493599332
-115,43,0,0,0.487154,0.000000,1493599332
-115,43,0,0,0.487154,0.000000,1493599332
-120,41,0,0,0.507361,0.000000,1493599332
-125,40,0,0,0.534966,0.000000,1493599332
-129,39,0,0,0.557041,0.000000,1493599332
-130,39,0,0,0.564067,0.000000,1493599332
-133,38,0,0,0.580123,0.000000,1493599332
-138,38,0,0,0.616879,0.000000,1493599332
-142,38,0,0,0.647261,0.000000,1493599332
-142,38,0,0,0.647261,0.000000,1493599332
-147,38,0,0,0.686459,0.000000,1493599332
-152,39,0,0,0.732361,0.000000,1493599332
-157,40,0,0,0.779758,0.000000,1493599332
-157,40,0,0,0.779758,0.000000,1493599332
-162,41,0,0,0.82865,0.000000,1493599332
-167,41,0,0,0.873274,0.000000,1493599332
-173,41,0,0,0.928612,0.000000,1493599332
-179,42,0,0,0.991668,0.000000,1493599332
-184,42,0,0.3,1.0409,0.000000,1493599332
-184,41,0,0.3,1.03514,0.000000,1493599332
-190,41,0,0.3,1.09601,0.000000,1493599332
-195,40,0,0.3,1.14261,0.000000,1493599332
-201,38,0,0.3,1.19623,0.000000,1493599332
-207,36,0,0.3,1.25235,0.000000,1493599332
-212,31,0,0.3,1.28592,0.000000,1493599332
-217,27,0,0.3,1.328,0.000000,1493599332
-217,27,0,0.3,1.328,0.000000,1493599332
-222,23,0,0.3,1.37365,0.000000,1493599332
-228,20,0,0.3,1.43793,0.000000,1493599332
-235,18,0,0.3,1.52057,0.000000,1493599332
-239,14,0,0.3,1.56312,0.000000,1493599332
-243,10,0,0.3,1.60875,0.000000,1493599332
-244,10,0,0.3,1.62196,0.000000,1493599332
-247,6,0,0.3,1.65747,0.000000,1493599332
-247,2,0,0.3,1.65525,0.000000,1493599332
-247,-2,0,0.3,1.65525,0.000000,1493599333
-247,-2,0,0.3,1.65525,0.000000,1493599333
-247,-5,0,0.3,1.65671,0.000000,1493599333
-247,-8,0,0.3,1.65942,0.000000,1493599333
-247,-11,0,0.3,1.66338,0.000000,1493599333
-246,-13,0,0.3,1.65334,0.000000,1493599333
-246,-16,0,0.3,1.65938,0.000000,1493599333
-246,-16,0,0.3,1.65938,0.000000,1493599333
-246,-17,0,0.3,1.66167,0.000000,1493599333
-246,-18,0,0.3,1.6641,0.000000,1493599333
-246,-19,0,0.3,1.66667,0.000000,1493599333
-246,-19,0,0.3,1.66667,0.000000,1493599333
-246,-19,0,0.3,1.66667,0.000000,1493599333
-246,-19,0,0.3,1.66667,0.000000,1493599333
-246,-19,0,0.3,1.66667,0.000000,1493599333
-246,-19,0,0.3,1.66667,0.000000,1493599333
-246,-19,0,0.3,1.66667,0.000000,1493599333
-246,-20,0,0.3,1.66938,0.000000,1493599333
-246,-20,0,0.3,1.66938,0.000000,1493599333
-246,-20,0,0.3,1.66938,0.000000,1493599333
-246,-20,0,0.3,1.66938,0.000000,1493599333
-246,-20,0,0.3,1.66938,0.000000,1493599333
-247,-20,0,0.3,1.68275,0.000000,1493599333
-247,-20,0,0.3,1.68275,0.000000,1493599333
-247,-20,0,0.3,1.68275,0.000000,1493599333
-248,-19,0,0.3,1.69347,0.000000,1493599333
-248,-19,0,0.3,1.69347,0.000000,1493599333
-248,-20,0,0.3,1.69618,0.000000,1493599333
-248,-20,0,0.3,1.69618,0.000000,1493599333
-248,-20,0,0.3,1.69618,0.000000,1493599333
-248,-20,0,0.3,1.69618,0.000000,1493599333
-248,-20,0,0.3,1.69618,0.000000,1493599333
-249,-21,0,0.3,1.71251,0.000000,1493599333
-249,-21,0,0.3,1.71251,0.000000,1493599333
-249,-21,0,0.3,1.71251,0.000000,1493599333
-249,-21,0,0.3,1.71251,0.000000,1493599333
-249,-21,0,0.3,1.71251,0.000000,1493599333
-249,-22,0,0.3,1.7155,0.000000,1493599333
-249,-22,0,0.3,1.7155,0.000000,1493599334
-249,-22,0,0.3,1.7155,0.000000,1493599334
-249,-22,0,0.3,1.7155,0.000000,1493599334
-249,-23,0,0.3,1.71862,0.000000,1493599334
-249,-23,0,0.3,1.71862,0.000000,1493599334
-249,-22,0,0.3,1.7155,0.000000,1493599334
-248,-22,0,0.3,1.70201,0.000000,1493599334
-248,-21,0,0.3,1.69903,0.000000,1493599334
-248,-21,0,0.3,1.69903,0.000000,1493599334
-248,-21,0,0.3,1.69903,0.000000,1493599334
-248,-20,0,0.3,1.69618,0.000000,1493599334
-248,-20,0,0.3,1.69618,0.000000,1493599334
-248,-20,0,0.3,1.69618,0.000000,1493599334
-248,-19,0,0.3,1.69347,0.000000,1493599334
-248,-18,0,0.3,1.6909,0.000000,1493599334
-248,-18,0,0.3,1.6909,0.000000,1493599334
-248,-17,0,0.3,1.68847,0.000000,1493599334
-248,-16,0,0.3,1.68618,0.000000,1493599334
-248,-16,0,0.3,1.68618,0.000000,1493599334
-249,-16,0,0.3,1.69966,0.000000,1493599334
-250,-15,0,0.3,1.71105,0.000000,1493599334
-250,-15,0,0.3,1.71105,0.000000,1493599334
-250,-15,0,0.3,1.71105,0.000000,1493599334
-251,-15,0,0.3,1.72464,0.000000,1493599334
-252,-14,0,0.3,1.73627,0.000000,1493599334
-252,-13,0,0.3,1.73439,0.000000,1493599334
-252,-13,0,0.3,1.73439,0.000000,1493599334
-252,-12,0,0.3,1.73266,0.000000,1493599334
-252,-11,0,0.3,1.73106,0.000000,1493599334
-251,-9,0,0.3,1.71464,0.000000,1493599334
-252,-9,0,0.3,1.72828,0.000000,1493599334
-251,-8,0,0.3,1.71346,0.000000,1493599334
-250,-6,0,0.3,1.69792,0.000000,1493599334
-250,-4,0,0.3,1.69653,0.000000,1493599334
-250,-4,0,0.3,1.69653,0.000000,1493599334
-249,-2,0,0.3,1.68216,0.000000,1493599334
-248,1,0,0.3,1.66847,0.000000,1493599334
-248,2,0,0.3,1.66868,0.000000,1493599335
-247,2,0,0.3,1.65525,0.000000,1493599335
-247,4,0,0.3,1.65609,0.000000,1493599335
-247,6,0,0.3,1.65747,0.000000,1493599335
-245,7,0,0.3,1.63169,0.000000,1493599335
-244,8,0,0.3,1.61946,0.000000,1493599335
-244,9,0,0.3,1.62064,0.000000,1493599335
-243,9,0,0.3,1.60743,0.000000,1493599335
-242,9,0,0.3,1.59428,0.000000,1493599335
-242,10,0,0.3,1.59559,0.000000,1493599335
-241,12,0,0.3,1.58555,0.000000,1493599335
-241,12,0,0.3,1.58555,0.000000,1493599335
-240,13,0,0.3,1.57424,0.000000,1493599335
-239,14,0,0.3,1.56312,0.000000,1493599335
-237,15,0,0.3,1.53931,0.000000,1493599335
-237,15,0,0.3,1.53931,0.000000,1493599335
-236,16,0,0.3,1.52863,0.000000,1493599335
-235,17,0,0.3,1.51814,0.000000,1493599335
-234,18,0,0.3,1.50785,0.000000,1493599335
-233,19,0,0.3,1.49775,0.000000,1493599335
-232,20,0,0.3,1.48785,0.000000,1493599335
-232,20,0,0.3,1.48785,0.000000,1493599335
-231,22,0,0.3,1.48112,0.000000,1493599335
-230,24,0,0.3,1.475,0.000000,1493599335
-228,25,0,0.3,1.45356,0.000000,1493599335
-227,26,0,0.3,1.44476,0.000000,1493599335
-225,26,0,0.3,1.42024,0.000000,1493599335
-225,26,0,0.3,1.42024,0.000000,1493599335
-224,26,0,0.3,1.40806,0.000000,1493599335
-222,28,0,0.3,1.39136,0.000000,1493599335
-220,28,0,0.3,1.36738,0.000000,1493599335
-219,27,0,0.3,1.35165,0.000000,1493599335
-219,27,0,0.3,1.35165,0.000000,1493599335
-217,27,0,0.3,1.328,0.000000,1493599335
-216,28,0,0.3,1.32007,0.000000,1493599335
-213,28,0,0.3,1.28516,0.000000,1493599335
-211,29,0,0.3,1.26611,0.000000,1493599335
-211,29,0,0.3,1.26611,0.000000,1493599335
-208,29,0,0.3,1.23201,0.000000,1493599336
-206,31,0,0.3,1.21789,0.000000,1493599336
-204,31,0,0.3,1.19564,0.000000,1493599336
-204,31,0,0.3,1.19564,0.000000,1493599336
-202,32,0,0.3,1.17799,0.000000,1493599336
-200,33,0,0.3,1.16069,0.000000,1493599336
-197,35,0,0.3,1.13783,0.000000,1493599336
-197,35,0,0.3,1.13783,0.000000,1493599336
-196,36,0,0.3,1.1321,0.000000,1493599336
-194,37,0,0.3,1.11601,0.000000,1493599336
-194,39,0,0.3,1.12657,0.000000,1493599336
-192,41,0,0.3,1.11674,0.000000,1493599336
-199,51,0,0.3,1.25487,0.000000,1493599336
-193,49,0,0.3,1.17718,0.000000,1493599336
-202,56,0,0.3,1.32466,0.000000,1493599336
-190,49,0,0.3,1.14601,0.000000,1493599336
-197,55,0,0.3,1.26283,0.000000,1493599336
-199,55,0,0.3,1.28432,0.000000,1493599336
-192,54,0,0.3,1.2025,0.000000,1493599336
-198,59,0,0.3,1.30521,0.000000,1493599336
-188,57,0,0.3,1.18439,0.000000,1493599336
-197,62,0,0.3,1.31971,0.000000,1493599336
-186,56,0,0.3,1.15625,0.000000,1493599336
-198,63,0,0.3,1.3391,0.000000,1493599336
-190,60,0,0.3,1.22928,0.000000,1493599336
-184,57,0,0.3,1.14403,0.000000,1493599336
-191,62,0,0.3,1.25655,0.000000,1493599336
-184,62,0,0.3,1.18535,0.000000,1493599336
-178,60,0,0.3,1.10948,0.000000,1493599336
-189,69,0,0.3,1.29962,0.000000,1493599336
-184,65,0,0.3,1.21181,0.000000,1493599336
-181,67,0,0.3,1.20044,0.000000,1493599336
-174,67,0,0.3,1.13303,0.000000,1493599336
-170,68,0,0.3,1.10507,0.000000,1493599336
-178,73,0,0.3,1.22955,0.000000,1493599336
-167,68,0,0.3,1.07765,0.000000,1493599336
-168,71,0,0.3,1.11569,0.000000,1493599336
-164,69,0,0.3,1.06023,0.000000,1493599336
-162,70,0,0.3,1.05219,0.000000,1493599337
-162,70,0,0.3,1.05219,0.000000,1493599337
-161,69,0,0.3,1.03378,0.000000,1493599337
-160,71,0,0.3,1.04451,0.000000,1493599337
-159,71,0,0.3,1.03586,0.000000,1493599337
-157,70,0,0.3,1.00892,0.000000,1493599337
-157,70,0,0.3,1.00892,0.000000,1493599337
-154,71,0,0,0.993407,0.000000,1493599337
-153,71,0,0,0.985079,0.000000,1493599337
-152,71,0,0,0.976806,0.000000,1493599337
-152,71,0,0,0.976806,0.000000,1493599337
-150,69,0,0,0.940977,0.000000,1493599337
-148,68,0,0,0.915295,0.000000,1493599337
-147,68,0,0,0.907293,0.000000,1493599337
-147,68,0,0,0.907293,0.000000,1493599337
-145,67,0,0,0.882076,0.000000,1493599337
-144,67,0,0,0.874236,0.000000,1493599337
-143,67,0,0,0.866451,0.000000,1493599337
-143,67,0,0,0.866451,0.000000,1493599337
-142,66,0,0,0.849483,0.000000,1493599337
-142,65,0,0,0.840386,0.000000,1493599337
-142,58,0,0,0.780595,0.000000,1493599337
-143,62,0,0,0.821659,0.000000,1493599337
-143,63,0,0,0.83034,0.000000,1493599337
-143,64,0,0,0.839159,0.000000,1493599337
-142,66,0,0,0.849483,0.000000,1493599337
-142,65,0,0,0.840386,0.000000,1493599337
-142,67,0,0,0.85872,0.000000,1493599337
-141,66,0,0,0.841807,0.000000,1493599337
-140,66,0,0,0.834184,0.000000,1493599337
-140,67,0,0,0.84342,0.000000,1493599337
-140,67,0,0,0.84342,0.000000,1493599337
-140,68,0,0,0.852795,0.000000,1493599337
-140,68,0,0,0.852795,0.000000,1493599337
-140,69,0,0,0.862309,0.000000,1493599337
-140,69,0,0,0.862309,0.000000,1493599337
-140,71,0,0,0.881753,0.000000,1493599337
-140,74,0,0,0.911962,0.000000,1493599337
-141,77,0,0,0.951043,0.000000,1493599337
-141,77,0,0,0.951043,0.000000,1493599337
-140,79,0,0,0.965087,0.000000,1493599338
-140,80,0,0,0.976128,0.000000,1493599338
-141,82,0,0.3,1.00625,0.000000,1493599338
-142,83,0,0.3,1.02539,0.000000,1493599338
-143,85,0,0.3,1.05645,0.000000,1493599338
-144,85,0,0.3,1.06424,0.000000,1493599338
-145,87,0,0.3,1.09596,0.000000,1493599338
-145,87,0,0.3,1.09596,0.000000,1493599338
-146,88,0,0.3,1.11601,0.000000,1493599338
-147,89,0,0.3,1.13625,0.000000,1493599338
-148,90,0,0.3,1.15668,0.000000,1493599338
-147,90,0,0.3,1.14868,0.000000,1493599338
-149,92,0,0.3,1.19002,0.000000,1493599338
-150,93,0,0.3,1.21098,0.000000,1493599338
-150,94,0,0.3,1.22396,0.000000,1493599338
-150,94,0,0.3,1.22396,0.000000,1493599338
-149,95,0,0.3,1.22898,0.000000,1493599338
-150,96,0,0.3,1.25035,0.000000,1493599338
-149,98,0,0.3,1.26919,0.000000,1493599338
-148,98,0,0.3,1.26113,0.000000,1493599338
-149,98,0,0.3,1.26919,0.000000,1493599338
-147,99,0,0.3,1.26681,0.000000,1493599338
-146,100,0,0.3,1.27268,0.000000,1493599338
-144,101,0,0.3,1.2709,0.000000,1493599338
-144,101,0,0.3,1.2709,0.000000,1493599338
-141,102,0,0.3,1.26181,0.000000,1493599338
-139,103,0,0.3,1.26085,0.000000,1493599338
-135,104,0,0.3,1.2455,0.000000,1493599338
-135,104,0,0.3,1.2455,0.000000,1493599338
-130,103,0,0.3,1.19518,0.000000,1493599338
-126,104,0,0.3,1.18178,0.000000,1493599338
-122,104,0,0.3,1.15487,0.000000,1493599338
-122,104,0,0.3,1.15487,0.000000,1493599338
-118,104,0,0.3,1.12882,0.000000,1493599338
-114,105,0,0.3,1.11816,0.000000,1493599338
-109,108,0,0.3,1.13229,0.000000,1493599338
-105,108,-0.3,0,1.10907,0.000000,1493599338
-101,108,-0.3,0,1.08672,0.000000,1493599338
-95,110,-0.3,0,1.0851,0.000000,1493599339
-95,110,-0.3,0,1.0851,0.000000,1493599339
-91,110,-0.3,0,1.06491,0.000000,1493599339
-87,110,-0.3,0,1.0456,0.000000,1493599339
-83,112,-0.3,0,1.05799,0.000000,1493599339
-83,112,-0.3,0,1.05799,0.000000,1493599339
-77,114,-0.3,0,1.06333,0.000000,1493599339
-71,116,-0.3,0,1.07119,0.000000,1493599339
-65,115,-0.3,0,1.03301,0.000000,1493599339
-65,116,-0.3,0,1.04905,0.000000,1493599339
-58,115,-0.3,0,1.00966,0.000000,1493599339
-54,113,0,0,0.965838,0.000000,1493599339
-54,113,0,0,0.965838,0.000000,1493599339
-50,111,0,0,0.923442,0.000000,1493599339
-45,106,0,0,0.835209,0.000000,1493599339
-40,104,0,0,0.794514,0.000000,1493599339
-33,101,0,0,0.737944,0.000000,1493599339
-33,101,0,0,0.737944,0.000000,1493599339
-25,98,0,0,0.683899,0.000000,1493599339
-19,96,0,0,0.649793,0.000000,1493599339
-19,96,0,0,0.649793,0.000000,1493599339
-14,93,0,0,0.605942,0.000000,1493599339
-7,91,0,0,0.576399,0.000000,1493599339
-2,88,0,0,0.537886,0.000000,1493599339
-2,88,0,0,0.537886,0.000000,1493599339
4,85,0,0,0.50217,0.000000,1493599339
10,82,0,0,0.469657,0.000000,1493599339
15,81,0,0,0.461729,0.000000,1493599339
21,79,0,0,0.445366,0.000000,1493599339
21,79,0,0,0.445366,0.000000,1493599339
27,78,0,0,0.442275,0.000000,1493599339
33,76,0,0,0.430652,0.000000,1493599339
38,75,0,0,0.429796,0.000000,1493599339
38,75,0,0,0.429796,0.000000,1493599339
44,71,0,0,0.402587,0.000000,1493599339
51,69,0,0,0.401182,0.000000,1493599339
59,67,0,0,0.406164,0.000000,1493599339
59,67,0,0,0.406164,0.000000,1493599339
66,67,0,0,0.4299,0.000000,1493599339
72,65,0,0,0.434028,0.000000,1493599339
78,65,0,0,0.458442,0.000000,1493599340
78,65,0,0,0.458442,0.000000,1493599340
83,65,0,0,0.480279,0.000000,1493599340
88,65,0,0,0.503472,0.000000,1493599340
92,64,0,0,0.514045,0.000000,1493599340
92,64,0,0,0.514045,0.000000,1493599340
96,64,0,0,0.534444,0.000000,1493599340
100,64,0,0,0.555712,0.000000,1493599340
100,64,0,0,0.555712,0.000000,1493599340
104,65,0,0,0.586806,0.000000,1493599340
108,65,0,0,0.609809,0.000000,1493599340
112,66,0,0,0.642778,0.000000,1493599340
116,66,0,0,0.667517,0.000000,1493599340
120,67,0,0,0.702361,0.000000,1493599340
123,65,0,0,0.703803,0.000000,1493599340
126,67,0,0,0.7424,0.000000,1493599340
127,68,0,0,0.758638,0.000000,1493599340
130,68,0,0,0.779553,0.000000,1493599340
134,70,0,0,0.827365,0.000000,1493599340
134,71,0,0,0.837157,0.000000,1493599340
139,77,0,0,0.935852,0.000000,1493599340
143,84,0,-0.3,1.04471,0.000000,1493599340
147,86,0,-0.3,1.09979,0.000000,1493599340
147,86,0,-0.3,1.09979,0.000000,1493599340
153,87,0,-0.3,1.16063,0.000000,1493599340
156,87,0,-0.3,1.18578,0.000000,1493599340
156,87,0,-0.3,1.18578,0.000000,1493599340
160,86,0,-0.3,1.20806,0.000000,1493599340
163,86,0,-0.3,1.23434,0.000000,1493599340
167,85,0,-0.3,1.25827,0.000000,1493599340
170,84,0,-0.3,1.27396,0.000000,1493599340
170,84,0,-0.3,1.27396,0.000000,1493599340
172,83,0,-0.3,1.28092,0.000000,1493599340
176,82,0,-0.3,1.30722,0.000000,1493599340
178,82,0,-0.3,1.32643,0.000000,1493599340
180,82,0,-0.3,1.34585,0.000000,1493599340
181,81,0,-0.3,1.34432,0.000000,1493599341
183,80,0,-0.3,1.35289,0.000000,1493599341
183,80,0,-0.3,1.35289,0.000000,1493599341
184,80,0,-0.3,1.36285,0.000000,1493599341
184,80,0,-0.3,1.36285,0.000000,1493599341
185,80,0,-0.3,1.37286,0.000000,1493599341
185,79,0,-0.3,1.36182,0.000000,1493599341
185,79,0,-0.3,1.36182,0.000000,1493599341
185,78,0,-0.3,1.35091,0.000000,1493599341
185,78,0,-0.3,1.35091,0.000000,1493599341
185,78,0,-0.3,1.35091,0.000000,1493599341
185,77,0,-0.3,1.34015,0.000000,1493599341
185,77,0,-0.3,1.34015,0.000000,1493599341
185,77,0,-0.3,1.34015,0.000000,1493599341
185,77,0,-0.3,1.34015,0.000000,1493599341
184,76,0,-0.3,1.31951,0.000000,1493599341
184,75,0,-0.3,1.30903,0.000000,1493599341
184,75,0,-0.3,1.30903,0.000000,1493599341
184,74,0,-0.3,1.29868,0.000000,1493599341
185,73,0,-0.3,1.29848,0.000000,1493599341
185,73,0,-0.3,1.29848,0.000000,1493599341
184,73,0,-0.3,1.28847,0.000000,1493599341
184,72,0,-0.3,1.2784,0.000000,1493599341
184,72,0,-0.3,1.2784,0.000000,1493599341
184,71,0,-0.3,1.26847,0.000000,1493599341
184,71,0,-0.3,1.26847,0.000000,1493599341
183,70,0,-0.3,1.24873,0.000000,1493599341
182,70,0,-0.3,1.23882,0.000000,1493599341
182,69,0,-0.3,1.22917,0.000000,1493599341
182,69,0,-0.3,1.22917,0.000000,1493599341
181,69,0,-0.3,1.21932,0.000000,1493599341
181,69,0,-0.3,1.21932,0.000000,1493599341
181,69,0,-0.3,1.21932,0.000000,1493599341
181,67,0,-0.3,1.20044,0.000000,1493599341
181,66,0,-0.3,1.1912,0.000000,1493599341
181,65,0,-0.3,1.1821,0.000000,1493599341
181,65,0,-0.3,1.1821,0.000000,1493599341
181,63,0,-0.3,1.16432,0.000000,1493599341
181,63,0,-0.3,1.16432,0.000000,1493599342
181,62,0,-0.3,1.15564,0.000000,1493599342
182,61,0,-0.3,1.15695,0.000000,1493599342
183,59,0,-0.3,1.15018,0.000000,1493599342
183,58,0,-0.3,1.14206,0.000000,1493599342
183,57,0,-0.3,1.13407,0.000000,1493599342
184,56,0,-0.3,1.13618,0.000000,1493599342
185,56,0,-0.3,1.14619,0.000000,1493599342
186,55,0,-0.3,1.14855,0.000000,1493599342
186,55,0,-0.3,1.14855,0.000000,1493599342
186,55,0,-0.3,1.14855,0.000000,1493599342
187,55,0,-0.3,1.15866,0.000000,1493599342
188,55,0,-0.3,1.16884,0.000000,1493599342
188,55,0,-0.3,1.16884,0.000000,1493599342
190,54,0,-0.3,1.18178,0.000000,1493599342
191,53,0,-0.3,1.18468,0.000000,1493599342
192,52,0,-0.3,1.18778,0.000000,1493599342
193,52,0,-0.3,1.19822,0.000000,1493599342
194,52,0,-0.3,1.20872,0.000000,1493599342
195,51,0,-0.3,1.21212,0.000000,1493599342
195,51,0,-0.3,1.21212,0.000000,1493599342
197,51,0,-0.3,1.23339,0.000000,1493599342
198,50,0,-0.3,1.23709,0.000000,1493599342
199,50,0,-0.3,1.24786,0.000000,1493599342
199,50,0,-0.3,1.24786,0.000000,1493599342
201,50,0,-0.3,1.26956,0.000000,1493599342
202,49,0,-0.3,1.27362,0.000000,1493599342
203,49,0,-0.3,1.2846,0.000000,1493599342
203,49,0,-0.3,1.2846,0.000000,1493599342
204,48,0,-0.3,1.28891,0.000000,1493599342
206,47,0,-0.3,1.30455,0.000000,1493599342
207,47,0,-0.3,1.31576,0.000000,1493599342
207,47,0,-0.3,1.31576,0.000000,1493599342
208,46,0,-0.3,1.32056,0.000000,1493599342
208,46,0,-0.3,1.32056,0.000000,1493599342
209,45,0,-0.3,1.32555,0.000000,1493599342
209,45,0,-0.3,1.32555,0.000000,1493599342
210,44,0,-0.3,1.33073,0.000000,1493599342
210,43,0,-0.3,1.32469,0.000000,1493599342
211,42,0,-0.3,1.33021,0.000000,1493599343
211,42,0,-0.3,1.33021,0.000000,1493599343
212,42,0,-0.3,1.34168,0.000000,1493599343
212,41,0,-0.3,1.33592,0.000000,1493599343
212,40,0,-0.3,1.3303,0.000000,1493599343
212,40,0,-0.3,1.3303,0.000000,1493599343
213,39,0,-0.3,1.33634,0.000000,1493599343
213,39,0,-0.3,1.33634,0.000000,1493599343
214,38,0,-0.3,1.34257,0.000000,1493599343
214,38,0,-0.3,1.34257,0.000000,1493599343
214,38,0,-0.3,1.34257,0.000000,1493599343
214,38,0,-0.3,1.34257,0.000000,1493599343
214,38,0,-0.3,1.34257,0.000000,1493599343
214,39,0,-0.3,1.34792,0.000000,1493599343
214,39,0,-0.3,1.34792,0.000000,1493599343
215,39,0,-0.3,1.35956,0.000000,1493599343
215,39,0,-0.3,1.35956,0.000000,1493599343
214,40,0,-0.3,1.35341,0.000000,1493599343
215,40,0,-0.3,1.36504,0.000000,1493599343
215,41,0,-0.3,1.37067,0.000000,1493599343
215,41,0,-0.3,1.37067,0.000000,1493599343
215,41,0,-0.3,1.37067,0.000000,1493599343
215,41,0,-0.3,1.37067,0.000000,1493599343
216,41,0,-0.3,1.38236,0.000000,1493599343
215,42,0,-0.3,1.37643,0.000000,1493599343
215,42,0,-0.3,1.37643,0.000000,1493599343
215,42,0,-0.3,1.37643,0.000000,1493599343
215,42,0,-0.3,1.37643,0.000000,1493599343
216,42,0,-0.3,1.38812,0.000000,1493599343
216,42,0,-0.3,1.38812,0.000000,1493599343
216,42,0,-0.3,1.38812,0.000000,1493599343
216,43,0,-0.3,1.39403,0.000000,1493599343
216,42,0,-0.3,1.38812,0.000000,1493599343
216,42,0,-0.3,1.38812,0.000000,1493599343
217,42,0,-0.3,1.39987,0.000000,1493599343
217,43,0,-0.3,1.40577,0.000000,1493599343
217,43,0,-0.3,1.40577,0.000000,1493599343
217,43,0,-0.3,1.40577,0.000000,1493599343
217,43,0,-0.3,1.40577,0.000000,1493599344
216,43,0,-0.3,1.39403,0.000000,1493599344
216,43,0,-0.3,1.39403,0.000000,1493599344
217,44,0,-0.3,1.41182,0.000000,1493599344
217,44,0,-0.3,1.41182,0.000000,1493599344
217,44,0,-0.3,1.41182,0.000000,1493599344
217,44,0,-0.3,1.41182,0.000000,1493599344
217,44,0,-0.3,1.41182,0.000000,1493599344
216,43,0,-0.3,1.39403,0.000000,1493599344
216,42,0,-0.3,1.38812,0.000000,1493599344
216,41,0,-0.3,1.38236,0.000000,1493599344
216,41,0,-0.3,1.38236,0.000000,1493599344
216,41,0,-0.3,1.38236,0.000000,1493599344
216,40,0,-0.3,1.37674,0.000000,1493599344
215,39,0,-0.3,1.35956,0.000000,1493599344
215,38,0,-0.3,1.35421,0.000000,1493599344
215,38,0,-0.3,1.35421,0.000000,1493599344
215,37,0,-0.3,1.349,0.000000,1493599344
215,37,0,-0.3,1.349,0.000000,1493599344
214,37,0,-0.3,1.33737,0.000000,1493599344
214,39,0,-0.3,1.34792,0.000000,1493599344
214,38,0,-0.3,1.34257,0.000000,1493599344
214,40,0,-0.3,1.35341,0.000000,1493599344
213,41,0,-0.3,1.34745,0.000000,1493599344
213,43,0,-0.3,1.35912,0.000000,1493599344
212,45,0,-0.3,1.35981,0.000000,1493599344
212,45,0,-0.3,1.35981,0.000000,1493599344
211,47,0,-0.3,1.36111,0.000000,1493599344
210,49,0,-0.3,1.36303,0.000000,1493599344
208,51,0,-0.3,1.35424,0.000000,1493599344
208,51,0,-0.3,1.35424,0.000000,1493599344
206,53,0,-0.3,1.34622,0.000000,1493599344
204,55,0,-0.3,1.33898,0.000000,1493599344
202,57,0,-0.3,1.3325,0.000000,1493599344
200,59,0,-0.3,1.32681,0.000000,1493599344
197,61,0,-0.3,1.31116,0.000000,1493599344
197,61,0,-0.3,1.31116,0.000000,1493599344
191,64,0,-0.3,1.27405,0.000000,1493599345
191,64,0,-0.3,1.27405,0.000000,1493599345
188,66,0,-0.3,1.26127,0.000000,1493599345
185,67,0,-0.3,1.24015,0.000000,1493599345
181,69,0,-0.3,1.21932,0.000000,1493599345
181,69,0,-0.3,1.21932,0.000000,1493599345
177,71,0,-0.3,1.19992,0.000000,1493599345
172,73,0,-0.3,1.17259,0.000000,1493599345
172,73,0,-0.3,1.17259,0.000000,1493599345
167,74,0,-0.3,1.13682,0.000000,1493599345
160,74,0,-0.3,1.07472,0.000000,1493599345
154,75,0,-0.3,1.03396,0.000000,1493599345
154,75,0,-0.3,1.03396,0.000000,1493599345
148,75,0,0,0.984809,0.000000,1493599345
143,76,0,0,0.955826,0.000000,1493599345
138,75,0,0,0.907227,0.000000,1493599345
134,75,0,0,0.877713,0.000000,1493599345
129,74,0,0,0.831694,0.000000,1493599345
129,74,0,0,0.831694,0.000000,1493599345
124,74,0,0,0.797378,0.000000,1493599345
119,73,0,0,0.754211,0.000000,1493599345
114,73,0,0,0.722609,0.000000,1493599345
110,74,0,0,0.708511,0.000000,1493599345
110,74,0,0,0.708511,0.000000,1493599345
105,75,0,0,0.689697,0.000000,1493599345
102,76,0,0,0.683338,0.000000,1493599345
99,78,0,0,0.688369,0.000000,1493599345
99,78,0,0,0.688369,0.000000,1493599345
94,80,0,0,0.684136,0.000000,1493599345
88,83,0,0,0.688472,0.000000,1493599345
79,85,0,0,0.671034,0.000000,1493599345
79,85,0,0,0.671034,0.000000,1493599345
73,86,0,0,0.65817,0.000000,1493599345
68,88,0,0,0.663212,0.000000,1493599345
62,89,0,0,0.654345,0.000000,1493599345
62,89,0,0,0.654345,0.000000,1493599345
58,90,0,0,0.653754,0.000000,1493599345
54,90,0,0,0.641602,0.000000,1493599345
49,90,0,0,0.627631,0.000000,1493599345
49,90,0,0,0.627631,0.000000,1493599346
44,90,0,0,0.615017,0.000000,1493599346
39,91,0,0,0.616329,0.000000,1493599346
34,91,0,0,0.606428,0.000000,1493599346
29,91,0,0,0.597883,0.000000,1493599346
30,91,0,0,0.599483,0.000000,1493599346
25,92,0,0,0.604732,0.000000,1493599346
19,92,0,0,0.597571,0.000000,1493599346
14,92,0,0,0.593095,0.000000,1493599346
14,92,0,0,0.593095,0.000000,1493599346
9,93,0,0,0.602822,0.000000,1493599346
5,93,0,0,0.601303,0.000000,1493599346
-1,93,0,0,0.600652,0.000000,1493599346
-1,93,0,0,0.600652,0.000000,1493599346
-6,93,0,0,0.601602,0.000000,1493599346
-11,93,0,0,0.603907,0.000000,1493599346
-16,93,0,0,0.607569,0.000000,1493599346
-16,93,0,0,0.607569,0.000000,1493599346
-20,93,0,0,0.611476,0.000000,1493599346
-25,93,0,0,0.617579,0.000000,1493599346
-30,93,0,0,0.625039,0.000000,1493599346
-30,93,0,0,0.625039,0.000000,1493599346
-34,93,0,0,0.631984,0.000000,1493599346
-38,93,0,0,0.639796,0.000000,1493599346
-38,93,0,0,0.639796,0.000000,1493599346
-42,93,0,0,0.648477,0.000000,1493599346
-45,93,0,0,0.655557,0.000000,1493599346
-48,93,0,0,0.663125,0.000000,1493599346
-48,93,0,0,0.663125,0.000000,1493599346
-52,93,0,0,0.673976,0.000000,1493599346
-55,93,0,0,0.682683,0.000000,1493599346
-58,92,0,0,0.679032,0.000000,1493599346
-58,93,0,0,0.691879,0.000000,1493599346
-61,93,0,0,0.701564,0.000000,1493599346
-63,92,0,0,0.695444,0.000000,1493599346
-66,92,0,0,0.705942,0.000000,1493599346
-68,92,0,0,0.713212,0.000000,1493599346
-68,92,0,0,0.713212,0.000000,1493599346
-70,93,0,0,0.733546,0.000000,1493599346
-74,93,0,0,0.749171,0.000000,1493599346
-78,94,0,0,0.77865,0.000000,1493599347
-78,95,0,0,0.791775,0.000000,1493599347
-82,94,0,0,0.796011,0.000000,1493599347
-88,94,0,0,0.823681,0.000000,1493599347
-93,94,0,0,0.84823,0.000000,1493599347
-92,92,0,0,0.817378,0.000000,1493599347
-101,93,0,0,0.877345,0.000000,1493599347
-106,89,0,0,0.854865,0.000000,1493599347
-109,89,0,0,0.872362,0.000000,1493599347
-109,89,0,0,0.872362,0.000000,1493599347
-112,92,0,0,0.928056,0.000000,1493599347
-116,94,0,0,0.978628,0.000000,1493599347
-119,97,0,0.3,1.03754,0.000000,1493599347
-119,97,0,0.3,1.03754,0.000000,1493599347
-122,98,0,0.3,1.0707,0.000000,1493599347
-126,100,0,0.3,1.12511,0.000000,1493599347
-125,100,0,0.3,1.1183,0.000000,1493599347
-128,101,0,0.3,1.15285,0.000000,1493599347
-132,101,0,0.3,1.18106,0.000000,1493599347
-136,102,0,0.3,1.22424,0.000000,1493599347
-139,102,0,0.3,1.24662,0.000000,1493599347
-139,102,0,0.3,1.24662,0.000000,1493599347
-143,101,0,0.3,1.26312,0.000000,1493599347
-146,101,0,0.3,1.28664,0.000000,1493599347
-146,101,0,0.3,1.28664,0.000000,1493599347
-149,100,0,0.3,1.29669,0.000000,1493599347
-154,97,0,0.3,1.29674,0.000000,1493599347
-156,95,0,0.3,1.28689,0.000000,1493599347
-158,95,0,0.3,1.30393,0.000000,1493599347
-158,95,0,0.3,1.30393,0.000000,1493599347
-159,94,0,0.3,1.2994,0.000000,1493599347
-161,94,0,0.3,1.31676,0.000000,1493599347
-162,94,0,0.3,1.32553,0.000000,1493599347
-163,94,0,0.3,1.33434,0.000000,1493599347
-163,94,0,0.3,1.33434,0.000000,1493599347
-163,94,0,0.3,1.33434,0.000000,1493599347
-163,94,0,0.3,1.33434,0.000000,1493599347
-164,94,0,0.3,1.34321,0.000000,1493599347
-164,94,0,0.3,1.34321,0.000000,1493599348
-164,94,0,0.3,1.34321,0.000000,1493599348
-164,94,0,0.3,1.34321,0.000000,1493599348
-163,94,0,0.3,1.33434,0.000000,1493599348
-163,94,0,0.3,1.33434,0.000000,1493599348
-163,95,0,0.3,1.34747,0.000000,1493599348
-162,95,0,0.3,1.33865,0.000000,1493599348
-162,95,0,0.3,1.33865,0.000000,1493599348
-162,95,0,0.3,1.33865,0.000000,1493599348
-161,96,0,0.3,1.34315,0.000000,1493599348
-160,97,0,0.3,1.34785,0.000000,1493599348
-160,97,0,0.3,1.34785,0.000000,1493599348
-159,97,0,0.3,1.33919,0.000000,1493599348
-159,97,0,0.3,1.33919,0.000000,1493599348
-158,98,0,0.3,1.34414,0.000000,1493599348
-157,98,0,0.3,1.33559,0.000000,1493599348
-157,99,0,0.3,1.34927,0.000000,1493599348
-157,98,0,0.3,1.33559,0.000000,1493599348
-156,99,0,0.3,1.34078,0.000000,1493599348
-155,99,0,0.3,1.33234,0.000000,1493599348
-155,99,0,0.3,1.33234,0.000000,1493599348
-154,99,0,0.3,1.32396,0.000000,1493599348
-153,100,0,0.3,1.32945,0.000000,1493599348
-153,100,0,0.3,1.32945,0.000000,1493599348
-152,101,0,0.3,1.33514,0.000000,1493599348
-152,101,0,0.3,1.33514,0.000000,1493599348
-151,101,0,0.3,1.32692,0.000000,1493599348
-150,101,0,0.3,1.31875,0.000000,1493599348
-149,101,0,0.3,1.31064,0.000000,1493599348
-147,103,0,0.3,1.32292,0.000000,1493599348
-147,102,0,0.3,1.30868,0.000000,1493599348
-146,103,0,0.3,1.31497,0.000000,1493599348
-146,103,0,0.3,1.31497,0.000000,1493599348
-145,103,0,0.3,1.30708,0.000000,1493599348
-145,103,0,0.3,1.30708,0.000000,1493599348
-144,104,0,0.3,1.31361,0.000000,1493599348
-144,104,0,0.3,1.31361,0.000000,1493599348
-143,104,0,0.3,1.30583,0.000000,1493599348
-142,105,0,0.3,1.31261,0.000000,1493599348
-142,105,0,0.3,1.31261,0.000000,1493599349
-141,105,0,0.3,1.30493,0.000000,1493599349
-141,105,0,0.3,1.30493,0.000000,1493599349
-139,105,0,0.3,1.28974,0.000000,1493599349
-139,105,0,0.3,1.28974,0.000000,1493599349
-139,105,0,0.3,1.28974,0.000000,1493599349
-138,104,0,0.3,1.26771,0.000000,1493599349
-138,104,0,0.3,1.26771,0.000000,1493599349
-138,104,0,0.3,1.26771,0.000000,1493599349
-137,104,0,0.3,1.26025,0.000000,1493599349
-136,104,0,0.3,1.25285,0.000000,1493599349
-136,104,0,0.3,1.25285,0.000000,1493599349
-135,104,0,0.3,1.2455,0.000000,1493599349
-134,105,0,0.3,1.25271,0.000000,1493599349
-134,105,0,0.3,1.25271,0.000000,1493599349
-134,105,0,0.3,1.25271,0.000000,1493599349
-133,106,0,0.3,1.26012,0.000000,1493599349
-132,106,0,0.3,1.25293,0.000000,1493599349
-131,107,0,0.3,1.26059,0.000000,1493599349
-131,107,0,0.3,1.26059,0.000000,1493599349
-131,107,0,0.3,1.26059,0.000000,1493599349
-129,107,0,0.3,1.24649,0.000000,1493599349
-130,107,0,0.3,1.25351,0.000000,1493599349
-128,107,0,0.3,1.23951,0.000000,1493599349
-127,107,0,0.3,1.2326,0.000000,1493599349
-125,106,0,0.3,1.20413,0.000000,1493599349
-124,103,0,0.3,1.15384,0.000000,1493599349
-122,101,0,0.3,1.11216,0.000000,1493599349
-119,98,0,0.3,1.05109,0.000000,1493599349
-117,96,0,0.3,1.01134,0.000000,1493599349
-117,96,0,0.3,1.01134,0.000000,1493599349
-114,94,0,0,0.96615,0.000000,1493599349
-113,92,0,0,0.934159,0.000000,1493599349
-112,91,0,0,0.915347,0.000000,1493599349
-112,91,0,0,0.915347,0.000000,1493599349
-111,91,0,0,0.909298,0.000000,1493599349
-109,89,0,0,0.872362,0.000000,1493599349
-108,91,0,0,0.891476,0.000000,1493599349
-106,92,0,0,0.892574,0.000000,1493599349
-105,94,0,0,0.912683,0.000000,1493599349
-105,93,0,0,0.899697,0.000000,1493599350
-104,95,0,0,0.920139,0.000000,1493599350
-103,99,0,0,0.968413,0.000000,1493599350
-102,103,-0.3,0,1.01896,0.000000,1493599350
-102,104,-0.3,0,1.03334,0.000000,1493599350
-101,107,-0.3,0,1.07179,0.000000,1493599350
-101,108,-0.3,0,1.08672,0.000000,1493599350
-101,108,-0.3,0,1.08672,0.000000,1493599350
-100,111,-0.3,0,1.12689,0.000000,1493599350
-99,113,-0.3,0,1.15261,0.000000,1493599350
-97,113,-0.3,0,1.14197,0.000000,1493599350
-94,114,-0.3,0,1.14219,0.000000,1493599350
-92,113,-0.3,0,1.11634,0.000000,1493599350
-92,114,-0.3,0,1.1321,0.000000,1493599350
-90,112,-0.3,0,1.09084,0.000000,1493599350
-89,106,0,0,0.995149,0.000000,1493599350
-88,99,0,0,0.890694,0.000000,1493599350
-88,100,0,0,0.904514,0.000000,1493599350
-87,93,0,0,0.805947,0.000000,1493599350
-87,86,0,0,0.718933,0.000000,1493599350
-88,82,0,0,0.677014,0.000000,1493599350
-88,80,0,0,0.654514,0.000000,1493599350
-88,77,0,0,0.621806,0.000000,1493599350
-88,74,0,0,0.590347,0.000000,1493599350
-88,74,0,0,0.590347,0.000000,1493599350
-88,71,0,0,0.560139,0.000000,1493599350
-89,68,0,0,0.535982,0.000000,1493599350
-90,66,0,0,0.522227,0.000000,1493599350
-90,66,0,0,0.522227,0.000000,1493599350
-90,63,0,0,0.495352,0.000000,1493599350
-90,61,0,0,0.478129,0.000000,1493599350
-90,58,0,0,0.453338,0.000000,1493599350
-89,55,0,0,0.42494,0.000000,1493599350
-89,55,0,0,0.42494,0.000000,1493599350
-90,49,0,0,0.386463,0.000000,1493599350
-91,47,0,0,0.378039,0.000000,1493599350
-91,47,0,0,0.378039,0.000000,1493599350
-92,47,0,0,0.383003,0.000000,1493599351
-92,44,0,0,0.364045,0.000000,1493599351
-93,44,0,0,0.369064,0.000000,1493599351
-93,44,0,0,0.369064,0.000000,1493599351
-94,43,0,0,0.368095,0.000000,1493599351
-94,44,0,0,0.374136,0.000000,1493599351
-95,43,0,0,0.373222,0.000000,1493599351
-96,43,0,0,0.378403,0.000000,1493599351
-96,43,0,0,0.378403,0.000000,1493599351
-97,42,0,0,0.377735,0.000000,1493599351
-98,41,0,0,0.377261,0.000000,1493599351
-101,41,0,0,0.393456,0.000000,1493599351
-101,42,0,0,0.39922,0.000000,1493599351
-102,41,0,0,0.398963,0.000000,1493599351
-103,42,0,0,0.410288,0.000000,1493599351
-103,42,0,0,0.410288,0.000000,1493599351
-105,42,0,0,0.421572,0.000000,1493599351
-106,41,0,0,0.421532,0.000000,1493599351
-108,41,0,0,0.433142,0.000000,1493599351
-108,41,0,0,0.433142,0.000000,1493599351
-109,40,0,0,0.433404,0.000000,1493599351
-110,39,0,0,0.433859,0.000000,1493599351
-113,39,0,0,0.452006,0.000000,1493599351
-112,39,0,0,0.445903,0.000000,1493599351
-114,38,0,0,0.452817,0.000000,1493599351
-115,38,0,0,0.459029,0.000000,1493599351
-117,37,0,0,0.466407,0.000000,1493599351
-120,37,0,0,0.485694,0.000000,1493599351
-122,36,0,0,0.493754,0.000000,1493599351
-124,35,0,0,0.50217,0.000000,1493599351
-124,35,0,0,0.50217,0.000000,1493599351
-126,34,0,0,0.510942,0.000000,1493599351
-128,33,0,0,0.520069,0.000000,1493599351
-131,31,0,0,0.532258,0.000000,1493599351
-131,31,0,0,0.532258,0.000000,1493599351
-133,30,0,0,0.542345,0.000000,1493599351
-136,29,0,0,0.560139,0.000000,1493599351
-139,29,0,0,0.582518,0.000000,1493599351
-139,29,0,0,0.582518,0.000000,1493599351
-141,28,0,0,0.593751,0.000000,1493599352
-144,26,0,0,0.609444,0.000000,1493599352
-147,25,0,0,0.629584,0.000000,1493599352
-147,25,0,0,0.629584,0.000000,1493599352
-151,25,0,0,0.661919,0.000000,1493599352
-154,24,0,0,0.683338,0.000000,1493599352
-157,22,0,0,0.702258,0.000000,1493599352
-160,20,0,0,0.722222,0.000000,1493599352
-163,19,0,0,0.7458,0.000000,1493599352
-163,19,0,0,0.7458,0.000000,1493599352
-165,18,0,0,0.761025,0.000000,1493599352
-167,16,0,0,0.774315,0.000000,1493599352
-169,14,0,0,0.788378,0.000000,1493599352
-169,14,0,0,0.788378,0.000000,1493599352
-171,11,0,0,0.801616,0.000000,1493599352
-174,11,0,0,0.829692,0.000000,1493599352
-178,12,0,0,0.869484,0.000000,1493599352
-184,12,0,0,0.928403,0.000000,1493599352
-188,10,0,0,0.965712,0.000000,1493599352
-195,7,0,0.3,1.0349,0.000000,1493599352
-201,6,0,0.3,1.09845,0.000000,1493599352
-206,4,0,0.3,1.15226,0.000000,1493599352
-207,5,0,0.3,1.16409,0.000000,1493599352
-209,2,0,0.3,1.1852,0.000000,1493599352
-210,-1,0,0.3,1.19636,0.000000,1493599352
-211,-3,0,0.3,1.20833,0.000000,1493599352
-213,-5,0,0.3,1.23245,0.000000,1493599352
-213,-5,0,0.3,1.23245,0.000000,1493599352
-214,-8,0,0.3,1.24674,0.000000,1493599352
-216,-10,0,0.3,1.27257,0.000000,1493599352
-217,-11,0,0.3,1.28577,0.000000,1493599352
-217,-11,0,0.3,1.28577,0.000000,1493599352
-218,-12,0,0.3,1.29917,0.000000,1493599352
-219,-13,0,0.3,1.31276,0.000000,1493599352
-220,-14,0,0.3,1.32655,0.000000,1493599352
-221,-16,0,0.3,1.34267,0.000000,1493599352
-221,-16,0,0.3,1.34267,0.000000,1493599352
-221,-18,0,0.3,1.3474,0.000000,1493599352
-221,-20,0,0.3,1.35267,0.000000,1493599352
-221,-21,0,0.3,1.35552,0.000000,1493599353
-221,-21,0,0.3,1.35552,0.000000,1493599353
-221,-23,0,0.3,1.36163,0.000000,1493599353
-220,-23,0,0.3,1.34967,0.000000,1493599353
-219,-25,0,0.3,1.34443,0.000000,1493599353
-218,-26,0,0.3,1.33612,0.000000,1493599353
-218,-26,0,0.3,1.33612,0.000000,1493599353
-217,-29,0,0.3,1.33577,0.000000,1493599353
-215,-32,0,0.3,1.32504,0.000000,1493599353
-214,-34,0,0.3,1.32257,0.000000,1493599353
-214,-34,0,0.3,1.32257,0.000000,1493599353
-210,-35,0,0.3,1.28136,0.000000,1493599353
-205,-35,0,0.3,1.22507,0.000000,1493599353
-199,-36,0,0.3,1.16425,0.000000,1493599353
-192,-37,0,0.3,1.09507,0.000000,1493599353
-186,-38,0,0.3,1.03875,0.000000,1493599353
-186,-38,0,0.3,1.03875,0.000000,1493599353
-179,-41,0,0,0.985904,0.000000,1493599353
-172,-43,0,0,0.93092,0.000000,1493599353
-172,-43,0,0,0.93092,0.000000,1493599353
-165,-44,0,0,0.87297,0.000000,1493599353
-158,-43,0,0,0.805595,0.000000,1493599353
-151,-44,0,0,0.752961,0.000000,1493599353
-144,-45,0,0,0.703125,0.000000,1493599353
-137,-46,0,0,0.656086,0.000000,1493599353
-137,-46,0,0,0.656086,0.000000,1493599353
-129,-48,0,0,0.611416,0.000000,1493599353
-121,-50,0,0,0.570774,0.000000,1493599353
-112,-52,0,0,0.528056,0.000000,1493599353
-112,-52,0,0,0.528056,0.000000,1493599353
-103,-53,0,0,0.482857,0.000000,1493599353
-92,-56,0,0,0.447378,0.000000,1493599353
-80,-61,0,0,0.432014,0.000000,1493599353
-79,-63,0,0,0.444923,0.000000,1493599353
-68,-68,0,0,0.446545,0.000000,1493599353
-56,-73,0,0,0.455139,0.000000,1493599353
-44,-78,0,0,0.475017,0.000000,1493599353
-43,-79,0,0,0.48356,0.000000,1493599353
-31,-82,0,0,0.493013,0.000000,1493599354
-20,-85,0,0,0.512587,0.000000,1493599354
-9,-88,0,0,0.539975,0.000000,1493599354
0,-92,0,0,0.587778,0.000000,1493599354
0,-92,0,0,0.587778,0.000000,1493599354
9,-93,0,0,0.602822,0.000000,1493599354
17,-92,0,0,0.595617,0.000000,1493599354
27,-93,0,0,0.6204,0.000000,1493599354
27,-94,0,0,0.633386,0.000000,1493599354
37,-96,0,0,0.677136,0.000000,1493599354
48,-98,0,0,0.729444,0.000000,1493599354
58,-99,0,0,0.771879,0.000000,1493599354
58,-100,0,0,0.785699,0.000000,1493599354
66,-100,0,0,0.812608,0.000000,1493599354
74,-99,0,0,0.829171,0.000000,1493599354
82,-98,0,0,0.849345,0.000000,1493599354
82,-98,0,0,0.849345,0.000000,1493599354
90,-98,0,0,0.886671,0.000000,1493599354
99,-99,0,0,0.946494,0.000000,1493599354
107,-99,0,0,0.991199,0.000000,1493599354
107,-99,0,0,0.991199,0.000000,1493599354
115,-98,0,-0.3,1.0257,0.000000,1493599354
122,-97,0,-0.3,1.05716,0.000000,1493599354
129,-95,0,-0.3,1.07815,0.000000,1493599354
129,-95,0,-0.3,1.07815,0.000000,1493599354
136,-94,0,-0.3,1.11535,0.000000,1493599354
141,-92,0,-0.3,1.12708,0.000000,1493599354
141,-92,0,-0.3,1.12708,0.000000,1493599354
148,-90,0,-0.3,1.15668,0.000000,1493599354
154,-88,0,-0.3,1.18112,0.000000,1493599354
159,-85,0,-0.3,1.18753,0.000000,1493599354
159,-86,0,-0.3,1.1994,0.000000,1493599354
164,-82,0,-0.3,1.19655,0.000000,1493599354
169,-78,0,-0.3,1.19727,0.000000,1493599354
173,-76,0,-0.3,1.21299,0.000000,1493599354
173,-75,0,-0.3,1.2025,0.000000,1493599354
176,-73,0,-0.3,1.21035,0.000000,1493599354
178,-70,0,-0.3,1.19976,0.000000,1493599354
179,-68,0,-0.3,1.19028,0.000000,1493599354
180,-65,0,-0.3,1.17231,0.000000,1493599354
182,-62,0,-0.3,1.16549,0.000000,1493599355
182,-62,0,-0.3,1.16549,0.000000,1493599355
183,-58,0,-0.3,1.14206,0.000000,1493599355
183,-54,0,-0.3,1.11095,0.000000,1493599355
183,-54,0,-0.3,1.11095,0.000000,1493599355
183,-50,0,-0.3,1.08206,0.000000,1493599355
182,-47,0,-0.3,1.05195,0.000000,1493599355
180,-44,0,-0.3,1.01335,0.000000,1493599355
177,-42,0,0,0.972354,0.000000,1493599355
177,-42,0,0,0.972354,0.000000,1493599355
174,-40,0,0,0.9324,0.000000,1493599355
170,-37,0,0,0.879032,0.000000,1493599355
165,-35,0,0,0.823595,0.000000,1493599355
161,-32,0,0,0.774263,0.000000,1493599355
157,-29,0,0,0.72705,0.000000,1493599355
157,-29,0,0,0.72705,0.000000,1493599355
153,-25,0,0,0.678413,0.000000,1493599355
150,-21,0,0,0.640977,0.000000,1493599355
148,-18,0,0,0.616684,0.000000,1493599355
148,-17,0,0,0.614253,0.000000,1493599355
147,-16,0,0,0.603959,0.000000,1493599355
146,-15,0,0,0.593858,0.000000,1493599355
146,-15,0,0,0.593858,0.000000,1493599355
143,-14,0,0,0.568326,0.000000,1493599355
141,-13,0,0,0.551043,0.000000,1493599355
138,-12,0,0,0.526602,0.000000,1493599355
138,-12,0,0,0.526602,0.000000,1493599355
135,-9,0,0,0.50001,0.000000,1493599355
132,-8,0,0,0.477101,0.000000,1493599355
130,-7,0,0,0.461845,0.000000,1493599355
128,-5,0,0,0.446181,0.000000,1493599355
128,-5,0,0,0.446181,0.000000,1493599355
125,-3,0,0,0.42448,0.000000,1493599355
123,-1,0,0,0.41047,0.000000,1493599355
122,1,0,0,0.403824,0.000000,1493599355
120,3,0,0,0.39125,0.000000,1493599355
120,5,0,0,0.392361,0.000000,1493599355
120,5,0,0,0.392361,0.000000,1493599355
119,7,0,0,0.387544,0.000000,1493599356
118,9,0,0,0.383338,0.000000,1493599356
118,10,0,0,0.384657,0.000000,1493599356
118,12,0,0,0.387713,0.000000,1493599356
118,12,0,0,0.387713,0.000000,1493599356
118,13,0,0,0.389449,0.000000,1493599356
118,15,0,0,0.393338,0.000000,1493599356
118,15,0,0,0.393338,0.000000,1493599356
117,17,0,0,0.391407,0.000000,1493599356
117,18,0,0,0.393838,0.000000,1493599356
117,19,0,0,0.396407,0.000000,1493599356
117,19,0,0,0.396407,0.000000,1493599356
117,21,0,0,0.401963,0.000000,1493599356
117,22,0,0,0.404949,0.000000,1493599356
117,23,0,0,0.408074,0.000000,1493599356
117,23,0,0,0.408074,0.000000,1493599356
117,24,0,0,0.411338,0.000000,1493599356
117,24,0,0,0.411338,0.000000,1493599356
118,25,0,0,0.421115,0.000000,1493599356
118,25,0,0,0.421115,0.000000,1493599356
118,26,0,0,0.424657,0.000000,1493599356
118,27,0,0,0.428338,0.000000,1493599356
118,27,0,0,0.428338,0.000000,1493599356
118,27,0,0,0.428338,0.000000,1493599356
118,27,0,0,0.428338,0.000000,1493599356
119,27,0,0,0.434767,0.000000,1493599356
119,27,0,0,0.434767,0.000000,1493599356
119,27,0,0,0.434767,0.000000,1493599356
120,27,0,0,0.44125,0.000000,1493599356
120,27,0,0,0.44125,0.000000,1493599356
120,27,0,0,0.44125,0.000000,1493599356
120,27,0,0,0.44125,0.000000,1493599356
121,27,0,0,0.447788,0.000000,1493599356
121,28,0,0,0.451607,0.000000,1493599356
121,28,0,0,0.451607,0.000000,1493599356
121,29,0,0,0.455565,0.000000,1493599356
121,29,0,0,0.455565,0.000000,1493599356
121,29,0,0,0.455565,0.000000,1493599356
122,30,0,0,0.466254,0.000000,1493599356
122,30,0,0,0.466254,0.000000,1493599356
122,30,0,0,0.466254,0.000000,1493599357
123,31,0,0,0.477136,0.000000,1493599357
123,31,0,0,0.477136,0.000000,1493599357
123,31,0,0,0.477136,0.000000,1493599357
123,32,0,0,0.481512,0.000000,1493599357
124,32,0,0,0.488212,0.000000,1493599357
124,33,0,0,0.492726,0.000000,1493599357
125,33,0,0,0.49948,0.000000,1493599357
125,33,0,0,0.49948,0.000000,1493599357
125,33,0,0,0.49948,0.000000,1493599357
125,33,0,0,0.49948,0.000000,1493599357
126,34,0,0,0.510942,0.000000,1493599357
126,34,0,0,0.510942,0.000000,1493599357
127,33,0,0,0.513152,0.000000,1493599357
128,33,0,0,0.520069,0.000000,1493599357
128,33,0,0,0.520069,0.000000,1493599357
129,33,0,0,0.527041,0.000000,1493599357
130,32,0,0,0.529553,0.000000,1493599357
131,32,0,0,0.536633,0.000000,1493599357
133,32,0,0,0.550956,0.000000,1493599357
134,32,0,0,0.558199,0.000000,1493599357
134,32,0,0,0.558199,0.000000,1493599357
135,31,0,0,0.561121,0.000000,1493599357
137,31,0,0,0.575878,0.000000,1493599357
139,31,0,0,0.590852,0.000000,1493599357
139,31,0,0,0.590852,0.000000,1493599357
140,30,0,0,0.594184,0.000000,1493599357
142,30,0,0,0.609483,0.000000,1493599357
142,30,0,0,0.609483,0.000000,1493599357
144,30,0,0,0.625,0.000000,1493599357
147,30,0,0,0.648682,0.000000,1493599357
149,29,0,0,0.660643,0.000000,1493599357
149,30,0,0,0.664741,0.000000,1493599357
152,29,0,0,0.685139,0.000000,1493599357
154,29,0,0,0.70174,0.000000,1493599357
157,28,0,0,0.723091,0.000000,1493599357
157,28,0,0,0.723091,0.000000,1493599357
159,27,0,0,0.736416,0.000000,1493599357
162,27,0,0,0.762539,0.000000,1493599357
165,26,0,0,0.78547,0.000000,1493599358
164,26,0,0,0.776545,0.000000,1493599358
166,25,0,0,0.790907,0.000000,1493599358
168,25,0,0,0.809028,0.000000,1493599358
170,24,0,0,0.823963,0.000000,1493599358
170,24,0,0,0.823963,0.000000,1493599358
173,24,0,0,0.851876,0.000000,1493599358
179,25,0,0,0.912571,0.000000,1493599358
180,26,0,0,0.925851,0.000000,1493599358
190,27,0,-0.3,1.0299,0.000000,1493599358
197,29,0,-0.3,1.11116,0.000000,1493599358
201,31,0,-0.3,1.16268,0.000000,1493599358
204,31,0,-0.3,1.19564,0.000000,1493599358
206,31,0,-0.3,1.21789,0.000000,1493599358
206,31,0,-0.3,1.21789,0.000000,1493599358
209,30,0,-0.3,1.24742,0.000000,1493599358
212,29,0,-0.3,1.27759,0.000000,1493599358
215,28,0,-0.3,1.30838,0.000000,1493599358
218,27,0,-0.3,1.3398,0.000000,1493599358
222,27,0,-0.3,1.38754,0.000000,1493599358
222,27,0,-0.3,1.38754,0.000000,1493599358
226,26,0,-0.3,1.43247,0.000000,1493599358
229,26,0,-0.3,1.4695,0.000000,1493599358
232,24,0,-0.3,1.50007,0.000000,1493599358
232,24,0,-0.3,1.50007,0.000000,1493599358
235,23,0,-0.3,1.53481,0.000000,1493599358
238,22,0,-0.3,1.57018,0.000000,1493599358
240,22,0,-0.3,1.59611,0.000000,1493599358
243,21,0,-0.3,1.63243,0.000000,1493599358
245,21,0,-0.3,1.65891,0.000000,1493599358
245,21,0,-0.3,1.65891,0.000000,1493599358
246,21,0,-0.3,1.67223,0.000000,1493599358
247,21,0,-0.3,1.6856,0.000000,1493599358
248,21,0,-0.3,1.69903,0.000000,1493599358
249,21,0,-0.3,1.71251,0.000000,1493599358
248,21,0,-0.3,1.69903,0.000000,1493599358
248,21,0,-0.3,1.69903,0.000000,1493599358
248,21,0,-0.3,1.69903,0.000000,1493599359
247,22,0,-0.3,1.68859,0.000000,1493599359
246,22,0,-0.3,1.67521,0.000000,1493599359
246,23,0,-0.3,1.67834,0.000000,1493599359
245,24,0,-0.3,1.66828,0.000000,1493599359
245,24,0,-0.3,1.66828,0.000000,1493599359
243,24,0,-0.3,1.64181,0.000000,1493599359
243,24,0,-0.3,1.64181,0.000000,1493599359
241,24,0,-0.3,1.61555,0.000000,1493599359
241,24,0,-0.3,1.61555,0.000000,1493599359
239,24,0,-0.3,1.58951,0.000000,1493599359
237,25,0,-0.3,1.56708,0.000000,1493599359
234,25,0,-0.3,1.52875,0.000000,1493599359
234,25,0,-0.3,1.52875,0.000000,1493599359
232,26,0,-0.3,1.50701,0.000000,1493599359
229,27,0,-0.3,1.47318,0.000000,1493599359
226,27,0,-0.3,1.43615,0.000000,1493599359
226,27,0,-0.3,1.43615,0.000000,1493599359
223,27,0,-0.3,1.39961,0.000000,1493599359
221,28,0,-0.3,1.37934,0.000000,1493599359
220,28,0,-0.3,1.36738,0.000000,1493599359
217,28,0,-0.3,1.33182,0.000000,1493599359
217,28,0,-0.3,1.33182,0.000000,1493599359
215,28,0,-0.3,1.30838,0.000000,1493599359
213,28,0,-0.3,1.28516,0.000000,1493599359
211,28,0,-0.3,1.26215,0.000000,1493599359
209,27,0,-0.3,1.23555,0.000000,1493599359
208,26,0,-0.3,1.22056,0.000000,1493599359
208,26,0,-0.3,1.22056,0.000000,1493599359
206,26,0,-0.3,1.19809,0.000000,1493599359
206,26,0,-0.3,1.19809,0.000000,1493599359
206,25,0,-0.3,1.19455,0.000000,1493599359
206,25,0,-0.3,1.19455,0.000000,1493599359
205,23,0,-0.3,1.17674,0.000000,1493599359
204,25,0,-0.3,1.17231,0.000000,1493599359
203,23,0,-0.3,1.1546,0.000000,1493599360
202,24,0,-0.3,1.14688,0.000000,1493599360
199,25,0,-0.3,1.11765,0.000000,1493599360
193,26,0,-0.3,1.05739,0.000000,1493599360
170,23,0,0,0.820699,0.000000,1493599360
168,24,0,0,0.805625,0.000000,1493599360
166,25,0,0,0.790907,0.000000,1493599360
164,25,0,0,0.773003,0.000000,1493599360
163,25,0,0,0.764133,0.000000,1493599360
163,25,0,0,0.764133,0.000000,1493599360
162,25,0,0,0.755317,0.000000,1493599360
160,25,0,0,0.737847,0.000000,1493599360
159,24,0,0,0.725791,0.000000,1493599360
159,25,0,0,0.729194,0.000000,1493599360
158,24,0,0,0.717192,0.000000,1493599360
157,23,0,0,0.705383,0.000000,1493599360
156,21,0,0,0.690781,0.000000,1493599360
155,22,0,0,0.685331,0.000000,1493599360
154,21,0,0,0.673963,0.000000,1493599360
152,20,0,0,0.654514,0.000000,1493599360
150,18,0,0,0.632852,0.000000,1493599360
150,18,0,0,0.632852,0.000000,1493599360
148,17,0,0,0.614253,0.000000,1493599360
146,17,0,0,0.598303,0.000000,1493599360
144,16,0,0,0.580278,0.000000,1493599360
143,15,0,0,0.57034,0.000000,1493599360
142,14,0,0,0.560595,0.000000,1493599360
142,14,0,0,0.560595,0.000000,1493599360
141,14,0,0,0.552918,0.000000,1493599360
140,13,0,0,0.54342,0.000000,1493599360
140,13,0,0,0.54342,0.000000,1493599360
141,12,0,0,0.549307,0.000000,1493599360
140,11,0,0,0.540087,0.000000,1493599360
140,9,0,0,0.537309,0.000000,1493599360
141,9,0,0,0.544932,0.000000,1493599360
142,7,0,0,0.550386,0.000000,1493599360
142,7,0,0,0.550386,0.000000,1493599360
143,5,0,0,0.556451,0.000000,1493599360
144,4,0,0,0.563611,0.000000,1493599361
146,2,0,0,0.578511,0.000000,1493599361
147,1,0,0,0.586251,0.000000,1493599361
147,1,0,0,0.586251,0.000000,1493599361
149,-1,0,0,0.60231,0.000000,1493599361
151,-2,0,0,0.618795,0.000000,1493599361
152,-3,0,0,0.627361,0.000000,1493599361
152,-3,0,0,0.627361,0.000000,1493599361
154,-5,0,0,0.645074,0.000000,1493599361
155,-6,0,0,0.65422,0.000000,1493599361
155,-5,0,0,0.653456,0.000000,1493599361
155,-7,0,0,0.655123,0.000000,1493599361
156,-8,0,0,0.664601,0.000000,1493599361
157,-11,0,0,0.67705,0.000000,1493599361
157,-11,0,0,0.67705,0.000000,1493599361
158,-12,0,0,0.687192,0.000000,1493599361
159,-13,0,0,0.697527,0.000000,1493599361
161,-14,0,0,0.716763,0.000000,1493599361
160,-14,0,0,0.708056,0.000000,1493599361
162,-13,0,0,0.72365,0.000000,1493599361
164,-13,0,0,0.741337,0.000000,1493599361
166,-12,0,0,0.757504,0.000000,1493599361
168,-14,0,0,0.779236,0.000000,1493599361
170,-15,0,0,0.799588,0.000000,1493599361
174,-18,0,0,0.843789,0.000000,1493599361
176,-18,0,0,0.862778,0.000000,1493599361
185,-20,0,0,0.95619,0.000000,1493599361
198,-24,0,-0.3,1.10348,0.000000,1493599361
202,-26,0,-0.3,1.15382,0.000000,1493599361
206,-29,0,-0.3,1.20955,0.000000,1493599361
209,-31,0,-0.3,1.25166,0.000000,1493599361
209,-32,0,-0.3,1.25603,0.000000,1493599361
211,-33,0,-0.3,1.28333,0.000000,1493599361
213,-34,0,-0.3,1.31099,0.000000,1493599361
214,-36,0,-0.3,1.3323,0.000000,1493599361
216,-38,0,-0.3,1.3659,0.000000,1493599361
218,-38,0,-0.3,1.38945,0.000000,1493599361
219,-40,0,-0.3,1.41214,0.000000,1493599362
220,-42,0,-0.3,1.43543,0.000000,1493599362
221,-43,0,-0.3,1.4533,0.000000,1493599362
222,-44,0,-0.3,1.47136,0.000000,1493599362
222,-44,0,-0.3,1.47136,0.000000,1493599362
223,-45,0,-0.3,1.48961,0.000000,1493599362
223,-47,0,-0.3,1.50239,0.000000,1493599362
223,-48,0,-0.3,1.50899,0.000000,1493599362
223,-50,0,-0.3,1.5226,0.000000,1493599362
223,-51,0,-0.3,1.52961,0.000000,1493599362
223,-51,0,-0.3,1.52961,0.000000,1493599362
223,-52,0,-0.3,1.53676,0.000000,1493599362
223,-52,0,-0.3,1.53676,0.000000,1493599362
222,-53,0,-0.3,1.53198,0.000000,1493599362
222,-53,0,-0.3,1.53198,0.000000,1493599362
221,-54,0,-0.3,1.5274,0.000000,1493599362
221,-55,0,-0.3,1.53497,0.000000,1493599362
219,-56,0,-0.3,1.5188,0.000000,1493599362
219,-56,0,-0.3,1.5188,0.000000,1493599362
218,-57,0,-0.3,1.5148,0.000000,1493599362
217,-58,0,-0.3,1.51098,0.000000,1493599362
216,-60,0,-0.3,1.51562,0.000000,1493599362
215,-60,0,-0.3,1.50393,0.000000,1493599362
214,-62,0,-0.3,1.50924,0.000000,1493599362
214,-62,0,-0.3,1.50924,0.000000,1493599362
214,-62,0,-0.3,1.50924,0.000000,1493599362
210,-63,0,-0.3,1.47191,0.000000,1493599362
210,-63,0,-0.3,1.47191,0.000000,1493599362
208,-64,0,-0.3,1.45806,0.000000,1493599362
206,-63,0,-0.3,1.42678,0.000000,1493599362
203,-63,0,-0.3,1.39349,0.000000,1493599362
200,-61,0,-0.3,1.34347,0.000000,1493599362
200,-61,0,-0.3,1.34347,0.000000,1493599362
197,-61,0,-0.3,1.31116,0.000000,1493599362
195,-58,0,-0.3,1.26511,0.000000,1493599362
191,-58,0,-0.3,1.22322,0.000000,1493599362
188,-56,0,-0.3,1.17655,0.000000,1493599362
188,-56,0,-0.3,1.17655,0.000000,1493599363
186,-55,0,-0.3,1.14855,0.000000,1493599363
182,-54,0,-0.3,1.10105,0.000000,1493599363
179,-55,0,-0.3,1.07924,0.000000,1493599363
179,-55,0,-0.3,1.07924,0.000000,1493599363
175,-55,0,-0.3,1.04083,0.000000,1493599363
172,-56,0,-0.3,1.0203,0.000000,1493599363
168,-56,0,0,0.983403,0.000000,1493599363
167,-56,0,0,0.974315,0.000000,1493599363
163,-56,0,0,0.938508,0.000000,1493599363
158,-55,0,0,0.887261,0.000000,1493599363
159,-55,0,0,0.89586,0.000000,1493599363
154,-54,0,0,0.845838,0.000000,1493599363
151,-53,0,0,0.813586,0.000000,1493599363
148,-53,0,0,0.789253,0.000000,1493599363
145,-51,0,0,0.750965,0.000000,1493599363
141,-49,0,0,0.706043,0.000000,1493599363
137,-49,0,0,0.675878,0.000000,1493599363
138,-49,0,0,0.683338,0.000000,1493599363
134,-47,0,0,0.64049,0.000000,1493599363
131,-47,0,0,0.618925,0.000000,1493599363
128,-47,0,0,0.597847,0.000000,1493599363
128,-47,0,0,0.597847,0.000000,1493599363
124,-46,0,0,0.564045,0.000000,1493599363
120,-46,0,0,0.537569,0.000000,1493599363
120,-46,0,0,0.537569,0.000000,1493599363
116,-46,0,0,0.511962,0.000000,1493599363
112,-45,0,0,0.480903,0.000000,1493599363
108,-46,0,0,0.463351,0.000000,1493599363
108,-45,0,0,0.457031,0.000000,1493599363
104,-45,0,0,0.434028,0.000000,1493599363
101,-45,0,0,0.417345,0.000000,1493599363
98,-45,0,0,0.40115,0.000000,1493599363
95,-45,0,0,0.385444,0.000000,1493599363
95,-45,0,0,0.385444,0.000000,1493599363
93,-45,0,0,0.375244,0.000000,1493599363
91,-44,0,0,0.359081,0.000000,1493599363
89,-45,0,0,0.355496,0.000000,1493599363
89,-44,0,0,0.349315,0.000000,1493599363
88,-44,0,0,0.344514,0.000000,1493599364
86,-44,0,0,0.335074,0.000000,1493599364
86,-44,0,0,0.335074,0.000000,1493599364
85,-44,0,0,0.330435,0.000000,1493599364
84,-44,0,0,0.325851,0.000000,1493599364
83,-43,0,0,0.315279,0.000000,1493599364
83,-43,0,0,0.315279,0.000000,1493599364
82,-43,0,0,0.310803,0.000000,1493599364
81,-43,0,0,0.306381,0.000000,1493599364
80,-42,0,0,0.296111,0.000000,1493599364
80,-42,0,0,0.296111,0.000000,1493599364
78,-42,0,0,0.287539,0.000000,1493599364
78,-42,0,0,0.287539,0.000000,1493599364
78,-42,0,0,0.287539,0.000000,1493599364
77,-42,0,0,0.283334,0.000000,1493599364
77,-41,0,0,0.277571,0.000000,1493599364
76,-41,0,0,0.27342,0.000000,1493599364
75,-41,0,0,0.269324,0.000000,1493599364
76,-41,0,0,0.27342,0.000000,1493599364
75,-41,0,0,0.269324,0.000000,1493599364
75,-41,0,0,0.269324,0.000000,1493599364
74,-41,0,0,0.265282,0.000000,1493599364
74,-41,0,0,0.265282,0.000000,1493599364
74,-41,0,0,0.265282,0.000000,1493599364
74,-41,0,0,0.265282,0.000000,1493599364
73,-41,0,0,0.261294,0.000000,1493599364
73,-41,0,0,0.261294,0.000000,1493599364
73,-41,0,0,0.261294,0.000000,1493599364
72,-41,0,0,0.257361,0.000000,1493599364
73,-42,0,0,0.267058,0.000000,1493599364
72,-42,0,0,0.263125,0.000000,1493599364
72,-42,0,0,0.263125,0.000000,1493599364
72,-42,0,0,0.263125,0.000000,1493599364
72,-43,0,0,0.269028,0.000000,1493599364
72,-43,0,0,0.269028,0.000000,1493599364
71,-43,0,0,0.265149,0.000000,1493599364
71,-43,0,0,0.265149,0.000000,1493599364
69,-44,0,0,0.263595,0.000000,1493599364
68,-44,0,0,0.259878,0.000000,1493599365
67,-44,0,0,0.256216,0.000000,1493599365
65,-44,0,0,0.249055,0.000000,1493599365
64,-44,0,0,0.245556,0.000000,1493599365
64,-45,0,0,0.251736,0.000000,1493599365
64,-45,0,0,0.251736,0.000000,1493599365
63,-45,0,0,0.248291,0.000000,1493599365
64,-47,0,0,0.264514,0.000000,1493599365
64,-47,0,0,0.264514,0.000000,1493599365
64,-48,0,0,0.271111,0.000000,1493599365
64,-50,0,0,0.284722,0.000000,1493599365
64,-51,0,0,0.291736,0.000000,1493599365
63,-53,0,0,0.302735,0.000000,1493599365
61,-55,0,0,0.311008,0.000000,1493599365
59,-58,0,0,0.328039,0.000000,1493599365
59,-58,0,0,0.328039,0.000000,1493599365
57,-61,0,0,0.346538,0.000000,1493599365
56,-63,0,0,0.360694,0.000000,1493599365
53,-66,0,0,0.378699,0.000000,1493599365
50,-68,0,0,0.388928,0.000000,1493599365
46,-70,0,0,0.397678,0.000000,1493599365
42,-73,0,0,0.417921,0.000000,1493599365
41,-75,0,0,0.436225,0.000000,1493599365
41,-77,0,0,0.457336,0.000000,1493599365
41,-77,0,0,0.457336,0.000000,1493599365
42,-80,0,0,0.492296,0.000000,1493599365
48,-82,0,0,0.529444,0.000000,1493599365
49,-84,0,0,0.555131,0.000000,1493599365
50,-84,0,0,0.557817,0.000000,1493599365
53,-84,0,0,0.566199,0.000000,1493599365
51,-85,0,0,0.572293,0.000000,1493599365
50,-86,0,0,0.581428,0.000000,1493599365
51,-86,0,0,0.584168,0.000000,1493599365
49,-88,0,0,0.602909,0.000000,1493599365
49,-90,0,0,0.627631,0.000000,1493599365
53,-93,0,0,0.676824,0.000000,1493599365
53,-93,0,0,0.676824,0.000000,1493599366
56,-96,0,0,0.725069,0.000000,1493599366
62,-101,0,0,0.812678,0.000000,1493599366
64,-107,0,0,0.906181,0.000000,1493599366
66,-115,0.3,0,1.03657,0.000000,1493599366
66,-123,0.3,0,1.16879,0.000000,1493599366
67,-132,0.3,0,1.33177,0.000000,1493599366
68,-138,0.3,0,1.44793,0.000000,1493599366
68,-139,0.3,0,1.46717,0.000000,1493599366
67,-143,0.3,0,1.54184,0.000000,1493599366
65,-146,0.3,0,1.59489,0.000000,1493599366
63,-147,0.3,0,1.60829,0.000000,1493599366
62,-149,0.3,0,1.64601,0.000000,1493599366
60,-150,0.3,0,1.66016,0.000000,1493599366
58,-150,0.3,0,1.65375,0.000000,1493599366
56,-147,0.3,0,1.58569,0.000000,1493599366
53,-145,0.3,0,1.53627,0.000000,1493599366
48,-141,0.3,0,1.44313,0.000000,1493599366
45,-136,0.3,0,1.33938,0.000000,1493599366
45,-135,0.3,0,1.32056,0.000000,1493599366
41,-123,0.3,0,1.09623,0.000000,1493599366
38,-112,0,0,0.910282,0.000000,1493599366
38,-112,0,0,0.910282,0.000000,1493599366
34,-107,0,0,0.826428,0.000000,1493599366
30,-100,0,0,0.718858,0.000000,1493599366
24,-92,0,0,0.603403,0.000000,1493599366
24,-91,0,0,0.590694,0.000000,1493599366
19,-89,0,0,0.559862,0.000000,1493599366
18,-86,0,0,0.5224,0.000000,1493599366
17,-80,0,0,0.452284,0.000000,1493599366
14,-74,0,0,0.385595,0.000000,1493599366
13,-69,0,0,0.335209,0.000000,1493599366
12,-65,0,0,0.297309,0.000000,1493599366
12,-65,0,0,0.297309,0.000000,1493599366
13,-61,0,0,0.262987,0.000000,1493599366
14,-58,0,0,0.238928,0.000000,1493599367
15,-54,0,0,0.208604,0.000000,1493599367
15,-51,0,0,0.186729,0.000000,1493599367
14,-47,0,0,0.15872,0.000000,1493599367
13,-43,0,0,0.132987,0.000000,1493599367
14,-38,0,0,0.105595,0.000000,1493599367
14,-38,0,0,0.105595,0.000000,1493599367
16,-34,0,0,0.0872222,0.000000,1493599367
18,-34,0,0,0.0890668,0.000000,1493599367
22,-33,0,0,0.0887543,0.000000,1493599367
25,-33,0,0,0.0925792,0.000000,1493599367
28,-32,0,0,0.0923785,0.000000,1493599367
33,-31,0,0,0.0962771,0.000000,1493599367
33,-31,0,0,0.0962771,0.000000,1493599367
40,-30,0,0,0.105903,0.000000,1493599367
46,-28,0,0,0.111845,0.000000,1493599367
52,-27,0,0,0.123976,0.000000,1493599367
52,-27,0,0,0.123976,0.000000,1493599367
61,-26,0,0,0.147883,0.000000,1493599367
61,-26,0,0,0.147883,0.000000,1493599367
64,-27,0,0,0.161736,0.000000,1493599367
67,-27,0,0,0.172397,0.000000,1493599367
67,-27,0,0,0.172397,0.000000,1493599367
70,-27,0,0,0.183546,0.000000,1493599367
72,-28,0,0,0.195069,0.000000,1493599367
74,-28,0,0,0.20299,0.000000,1493599367
75,-28,0,0,0.207032,0.000000,1493599367
76,-28,0,0,0.211128,0.000000,1493599367
76,-28,0,0,0.211128,0.000000,1493599367
76,-28,0,0,0.211128,0.000000,1493599367
76,-28,0,0,0.211128,0.000000,1493599367
77,-28,0,0,0.215279,0.000000,1493599367
77,-28,0,0,0.215279,0.000000,1493599367
78,-28,0,0,0.219484,0.000000,1493599367
80,-28,0,0,0.228056,0.000000,1493599367
81,-28,0,0,0.232423,0.000000,1493599367
81,-28,0,0,0.232423,0.000000,1493599367
83,-28,0,0,0.241321,0.000000,1493599367
82,-28,0,0,0.236845,0.000000,1493599368
82,-28,0,0,0.236845,0.000000,1493599368
81,-28,0,0,0.232423,0.000000,1493599368
81,-28,0,0,0.232423,0.000000,1493599368
79,-28,0,0,0.223742,0.000000,1493599368
77,-28,0,0,0.215279,0.000000,1493599368
75,-27,0,0,0.203213,0.000000,1493599368
74,-27,0,0,0.199171,0.000000,1493599368
74,-27,0,0,0.199171,0.000000,1493599368
74,-27,0,0,0.199171,0.000000,1493599368
74,-28,0,0,0.20299,0.000000,1493599368
75,-28,0,0,0.207032,0.000000,1493599368
74,-28,0,0,0.20299,0.000000,1493599368
74,-28,0,0,0.20299,0.000000,1493599368
72,-28,0,0,0.195069,0.000000,1493599368
72,-28,0,0,0.195069,0.000000,1493599368
72,-28,0,0,0.195069,0.000000,1493599368
72,-28,0,0,0.195069,0.000000,1493599368
74,-28,0,0,0.20299,0.000000,1493599368
76,-28,0,0,0.211128,0.000000,1493599368
76,-28,0,0,0.211128,0.000000,1493599368
78,-28,0,0,0.219484,0.000000,1493599368
81,-28,0,0,0.232423,0.000000,1493599368
82,-28,0,0,0.236845,0.000000,1493599368
82,-28,0,0,0.236845,0.000000,1493599368
82,-27,0,0,0.233025,0.000000,1493599368
84,-26,0,0,0.238351,0.000000,1493599368
83,-26,0,0,0.233821,0.000000,1493599368
83,-26,0,0,0.233821,0.000000,1493599368
84,-27,0,0,0.242031,0.000000,1493599368
87,-28,0,0,0.259767,0.000000,1493599368
90,-29,0,0,0.278129,0.000000,1493599368
90,-29,0,0,0.278129,0.000000,1493599368
93,-29,0,0,0.293022,0.000000,1493599368
93,-30,0,0,0.297119,0.000000,1493599368
92,-30,0,0,0.292101,0.000000,1493599368
92,-30,0,0,0.292101,0.000000,1493599368
90,-30,0,0,0.282227,0.000000,1493599368
87,-30,0,0,0.267822,0.000000,1493599369
86,-32,0,0,0.27174,0.000000,1493599369
86,-32,0,0,0.27174,0.000000,1493599369
89,-33,0,0,0.290496,0.000000,1493599369
91,-33,0,0,0.300261,0.000000,1493599369
95,-34,0,0,0.325097,0.000000,1493599369
101,-34,0,0,0.356998,0.000000,1493599369
101,-34,0,0,0.356998,0.000000,1493599369
105,-34,0,0,0.37935,0.000000,1493599369
110,-35,0,0,0.413303,0.000000,1493599369
112,-35,0,0,0.425347,0.000000,1493599369
113,-35,0,0,0.431451,0.000000,1493599369
113,-35,0,0,0.431451,0.000000,1493599369
113,-35,0,0,0.431451,0.000000,1493599369
111,-35,0,0,0.419298,0.000000,1493599369
110,-34,0,0,0.408511,0.000000,1493599369
107,-33,0,0,0.386199,0.000000,1493599369
107,-34,0,0,0.390852,0.000000,1493599369
105,-33,0,0,0.374697,0.000000,1493599369
101,-33,0,0,0.352345,0.000000,1493599369
98,-32,0,0,0.331636,0.000000,1493599369
96,-32,0,0,0.321111,0.000000,1493599369
93,-31,0,0,0.301355,0.000000,1493599369
91,-30,0,0,0.287136,0.000000,1493599369
86,-30,0,0,0.263129,0.000000,1493599369
86,-30,0,0,0.263129,0.000000,1493599369
