x_val,y_val,pitch,yaw,val,time-18,-30,0,0,0.0712891,0,1493602017
-19,-30,0,0,0.0722928,0,1493602017
-19,-30,0,0,0.0722928,0,1493602017
-19,-30,0,0,0.0722928,0,1493602017
-21,-29,0,0,0.0703657,0,1493602017
-21,-29,0,0,0.0703657,0,1493602017
-22,-29,0,0,0.0715321,0,1493602017
-22,-29,0,0,0.0715321,0,1493602017
-22,-29,0,0,0.0715321,0,1493602017
-21,-29,0,0,0.0703657,0,1493602017
-20,-29,0,0,0.0692535,0,1493602017
-20,-29,0,0,0.0692535,0,1493602017
-20,-29,0,0,0.0692535,0,1493602017
-19,-29,0,0,0.0681955,0,1493602017
-19,-29,0,0,0.0681955,0,1493602017
-19,-29,0,0,0.0681955,0,1493602017
-19,-29,0,0,0.0681955,0,1493602017
-18,-29,0,0,0.0671918,0,1493602017
-18,-29,0,0,0.0671918,0,1493602017
-18,-29,0,0,0.0671918,0,1493602017
-17,-30,0,0,0.0703396,0,1493602017
-18,-29,0,0,0.0671918,0,1493602017
-18,-30,0,0,0.0712891,0,1493602017
-18,-29,0,0,0.0671918,0,1493602017
-18,-29,0,0,0.0671918,0,1493602017
-19,-29,0,0,0.0681955,0,1493602017
-19,-29,0,0,0.0681955,0,1493602017
-19,-29,0,0,0.0681955,0,1493602017
-19,-29,0,0,0.0681955,0,1493602017
-19,-29,0,0,0.0681955,0,1493602017
-19,-29,0,0,0.0681955,0,1493602017
-19,-29,0,0,0.0681955,0,1493602017
-18,-29,0,0,0.0671918,0,1493602017
-18,-29,0,0,0.0671918,0,1493602017
-18,-29,0,0,0.0671918,0,1493602017
-17,-29,0,0,0.0662424,0,1493602017
-16,-29,0,0,0.0653472,0,1493602018
-16,-29,0,0,0.0653472,0,1493602018
-15,-29,0,0,0.0645063,0,1493602018
-14,-29,0,0,0.0637196,0,1493602018
-14,-29,0,0,0.0637196,0,1493602018
-14,-29,0,0,0.0637196,0,1493602018
-13,-29,0,0,0.0629872,0,1493602018
-12,-29,0,0,0.062309,0,1493602018
-11,-29,0,0,0.0616851,0,1493602018
-10,-29,0,0,0.0611155,0,1493602018
-10,-30,0,0,0.0652127,0,1493602018
-10,-30,0,0,0.0652127,0,1493602018
-10,-30,0,0,0.0652127,0,1493602018
-10,-30,0,0,0.0652127,0,1493602018
-11,-29,0,0,0.0616851,0,1493602018
-11,-29,0,0,0.0616851,0,1493602018
-10,-29,0,0,0.0611155,0,1493602018
-10,-29,0,0,0.0611155,0,1493602018
-9,-29,0,0,0.0606,0,1493602018
-8,-30,0,0,0.0642361,0,1493602018
-7,-30,0,0,0.0638292,0,1493602018
-7,-30,0,0,0.0638292,0,1493602018
-7,-30,0,0,0.0638292,0,1493602018
-8,-30,0,0,0.0642361,0,1493602018
-7,-30,0,0,0.0638292,0,1493602018
-7,-30,0,0,0.0638292,0,1493602018
-7,-29,0,0,0.059732,0,1493602018
-6,-30,0,0,0.0634766,0,1493602018
-6,-30,0,0,0.0634766,0,1493602018
-5,-30,0,0,0.0631782,0,1493602018
-5,-30,0,0,0.0631782,0,1493602018
-4,-30,0,0,0.062934,0,1493602018
-3,-30,0,0,0.0627441,0,1493602018
-3,-30,0,0,0.0627441,0,1493602018
-4,-30,0,0,0.062934,0,1493602018
-4,-31,0,0,0.0671701,0,1493602019
-4,-31,0,0,0.0671701,0,1493602019
-4,-30,0,0,0.062934,0,1493602019
-4,-30,0,0,0.062934,0,1493602019
-4,-30,0,0,0.062934,0,1493602019
-4,-30,0,0,0.062934,0,1493602019
-4,-30,0,0,0.062934,0,1493602019
-4,-30,0,0,0.062934,0,1493602019
-3,-30,0,0,0.0627441,0,1493602019
-2,-30,0,0,0.0626085,0,1493602019
-2,-30,0,0,0.0626085,0,1493602019
-1,-30,0,0,0.0625271,0,1493602019
0,-30,0,0,0.0625,0,1493602019
1,-30,0,0,0.0625271,0,1493602019
1,-30,0,0,0.0625271,0,1493602019
2,-30,0,0,0.0626085,0,1493602019
3,-30,0,0,0.0627441,0,1493602019
5,-30,0,0,0.0631782,0,1493602019
7,-30,0,0,0.0638292,0,1493602019
7,-30,0,0,0.0638292,0,1493602019
7,-30,0,0,0.0638292,0,1493602019
7,-30,0,0,0.0638292,0,1493602019
7,-30,0,0,0.0638292,0,1493602019
7,-30,0,0,0.0638292,0,1493602019
6,-29,0,0,0.0593793,0,1493602019
5,-29,0,0,0.0590809,0,1493602019
5,-29,0,0,0.0590809,0,1493602019
6,-29,0,0,0.0593793,0,1493602019
7,-29,0,0,0.059732,0,1493602019
9,-31,0,0,0.0689334,0,1493602019
8,-31,0,0,0.0684722,0,1493602019
11,-31,0,0,0.0700184,0,1493602019
12,-31,0,0,0.0706424,0,1493602019
13,-31,0,0,0.0713205,0,1493602019
13,-30,0,0,0.0670844,0,1493602019
13,-30,0,0,0.0670844,0,1493602019
13,-30,0,0,0.0670844,0,1493602019
13,-29,0,0,0.0629872,0,1493602019
12,-29,0,0,0.062309,0,1493602020
11,-29,0,0,0.0616851,0,1493602020
11,-29,0,0,0.0616851,0,1493602020
12,-30,0,0,0.0664062,0,1493602020
13,-30,0,0,0.0670844,0,1493602020
14,-30,0,0,0.0678168,0,1493602020
14,-31,0,0,0.0720529,0,1493602020
14,-30,0,0,0.0678168,0,1493602020
14,-30,0,0,0.0678168,0,1493602020
13,-30,0,0,0.0670844,0,1493602020
12,-30,0,0,0.0664062,0,1493602020
12,-30,0,0,0.0664062,0,1493602020
9,-30,0,0,0.0646973,0,1493602020
7,-30,0,0,0.0638292,0,1493602020
7,-30,0,0,0.0638292,0,1493602020
6,-31,0,0,0.0677127,0,1493602020
6,-31,0,0,0.0677127,0,1493602020
6,-31,0,0,0.0677127,0,1493602020
6,-31,0,0,0.0677127,0,1493602020
8,-31,0,0,0.0684722,0,1493602020
11,-31,0,0,0.0700184,0,1493602020
15,-31,0,0,0.0728396,0,1493602020
15,-31,0,0,0.0728396,0,1493602020
20,-31,0,0,0.0775868,0,1493602020
25,-31,0,0,0.0836903,0,1493602020
31,-31,0,0,0.0928049,0,1493602020
31,-31,0,0,0.0928049,0,1493602020
38,-31,0,0,0.105907,0,1493602020
42,-31,0,0,0.114588,0,1493602020
46,-31,0,0,0.124136,0,1493602020
46,-31,0,0,0.124136,0,1493602020
48,-31,0,0,0.129236,0,1493602020
51,-32,0,0,0.141668,0,1493602020
53,-31,0,0,0.142935,0,1493602020
54,-31,0,0,0.145838,0,1493602020
54,-31,0,0,0.145838,0,1493602020
54,-31,0,0,0.145838,0,1493602020
54,-31,0,0,0.145838,0,1493602020
52,-31,0,0,0.140087,0,1493602020
50,-31,0,0,0.134553,0,1493602021
47,-31,0,0,0.126659,0,1493602021
47,-31,0,0,0.126659,0,1493602021
44,-31,0,0,0.119253,0,1493602021
39,-31,0,0,0.107996,0,1493602021
34,-32,0,0,0.10247,0,1493602021
34,-32,0,0,0.10247,0,1493602021
28,-32,0,0,0.0923785,0,1493602021
22,-33,0,0,0.0887543,0,1493602021
15,-33,0,0,0.0817285,0,1493602021
10,-34,0,0,0.0829905,0,1493602021
6,-35,0,0,0.086046,0,1493602021
3,-36,0,0,0.0902441,0,1493602021
3,-36,0,0,0.0902441,0,1493602021
2,-36,0,0,0.0901085,0,1493602021
3,-37,0,0,0.0953136,0,1493602021
3,-37,0,0,0.0953136,0,1493602021
4,-37,0,0,0.0955035,0,1493602021
8,-38,0,0,0.102014,0,1493602021
12,-38,0,0,0.104184,0,1493602021
12,-38,0,0,0.104184,0,1493602021
17,-39,0,0,0.113465,0,1493602021
22,-39,0,0,0.118754,0,1493602021
26,-40,0,0,0.129449,0,1493602021
26,-40,0,0,0.129449,0,1493602021
28,-40,0,0,0.132378,0,1493602021
31,-39,0,0,0.131694,0,1493602021
32,-38,0,0,0.128056,0,1493602021
34,-37,0,0,0.126428,0,1493602021
34,-37,0,0,0.126428,0,1493602021
32,-37,0,0,0.122847,0,1493602021
30,-38,0,0,0.124692,0,1493602021
29,-38,0,0,0.123091,0,1493602021
29,-38,0,0,0.123091,0,1493602021
27,-38,0,0,0.120053,0,1493602021
25,-37,0,0,0.112024,0,1493602021
24,-36,0,0,0.105625,0,1493602021
24,-36,0,0,0.105625,0,1493602021
23,-34,0,0,0.0946278,0,1493602022
22,-32,0,0,0.0842405,0,1493602022
21,-29,0,0,0.0703657,0,1493602022
21,-29,0,0,0.0703657,0,1493602022
21,-27,0,0,0.0625879,0,1493602022
21,-24,0,0,0.0519629,0,1493602022
21,-24,0,0,0.0519629,0,1493602022
20,-21,0,0,0.0414757,0,1493602022
19,-18,0,0,0.0322928,0,1493602022
16,-17,0,0,0.0270139,0,1493602022
15,-15,0,0,0.0217285,0,1493602022
15,-15,0,0,0.0217285,0,1493602022
15,-13,0,0,0.0178396,0,1493602022
17,-12,0,0,0.0178396,0,1493602022
16,-12,0,0,0.0169444,0,1493602022
19,-11,0,0,0.0181955,0,1493602022
21,-11,0,0,0.0203657,0,1493602022
24,-10,0,0,0.0225694,0,1493602022
25,-10,0,0,0.0238987,0,1493602022
27,-10,0,0,0.0267198,0,1493602022
29,-10,0,0,0.029758,0,1493602022
31,-10,0,0,0.0330132,0,1493602022
34,-10,0,0,0.038303,0,1493602022
34,-10,0,0,0.038303,0,1493602022
36,-10,0,0,0.0421007,0,1493602022
38,-11,0,0,0.0475738,0,1493602022
41,-11,0,0,0.0540028,0,1493602022
41,-11,0,0,0.0540028,0,1493602022
43,-11,0,0,0.0585601,0,1493602022
45,-10,0,0,0.0618761,0,1493602022
45,-10,0,0,0.0618761,0,1493602022
45,-10,0,0,0.0618761,0,1493602022
46,-10,0,0,0.0643446,0,1493602022
47,-10,0,0,0.0668674,0,1493602022
48,-9,0,0,0.068125,0,1493602022
49,-9,0,0,0.0707563,0,1493602022
50,-8,0,0,0.0722613,0,1493602022
51,-8,0,0,0.0750011,0,1493602022
51,-8,0,0,0.0750011,0,1493602023
51,-7,0,0,0.0739594,0,1493602023
50,-6,0,0,0.0703168,0,1493602023
49,-5,0,0,0.0668674,0,1493602023
49,-5,0,0,0.0668674,0,1493602023
47,-4,0,0,0.0610341,0,1493602023
45,-4,0,0,0.0560428,0,1493602023
45,-4,0,0,0.0560428,0,1493602023
43,-4,0,0,0.0512684,0,1493602023
39,-4,0,0,0.0423709,0,1493602023
36,-3,0,0,0.0357812,0,1493602023
36,-3,0,0,0.0357812,0,1493602023
31,-3,0,0,0.0266938,0,1493602023
28,-2,0,0,0.0215451,0,1493602023
24,-2,0,0,0.0159028,0,1493602023
24,-2,0,0,0.0159028,0,1493602023
20,-2,0,0,0.0111285,0,1493602023
17,-1,0,0,0.00790907,0,1493602023
14,-1,0,0,0.00538628,0,1493602023
11,0,0,0,0.00328234,0,1493602023
8,0,0,0,0.00173611,0,1493602023
6,0,0,0,0.000976562,0,1493602023
6,0,0,0,0.000976562,0,1493602023
4,0,0,0,0.000434028,0,1493602023
3,0,0,0,0.000244141,0,1493602023
3,0,0,0,0.000244141,0,1493602023
2,0,0,0,0.000108507,0,1493602023
0,0,0,0,0,0,1493602023
-1,1,0,0,9.65712e-05,0,1493602023
-2,1,0,0,0.000177951,0,1493602023
-2,1,0,0,0.000177951,0,1493602023
-2,2,0,0,0.000386285,0,1493602023
-3,2,0,0,0.000521918,0,1493602023
-3,2,0,0,0.000521918,0,1493602023
-2,3,0,0,0.000733507,0,1493602023
-2,3,0,0,0.000733507,0,1493602023
-2,3,0,0,0.000733507,0,1493602023
-2,3,0,0,0.000733507,0,1493602024
-2,3,0,0,0.000733507,0,1493602024
-1,3,0,0,0.000652127,0,1493602024
0,3,0,0,0.000625,0,1493602024
1,3,0,0,0.000652127,0,1493602024
2,3,0,0,0.000733507,0,1493602024
3,3,0,0,0.000869141,0,1493602024
3,3,0,0,0.000869141,0,1493602024
3,3,0,0,0.000869141,0,1493602024
3,3,0,0,0.000869141,0,1493602024
3,3,0,0,0.000869141,0,1493602024
3,4,0,0,0.00135525,0,1493602024
2,4,0,0,0.00121962,0,1493602024
0,5,0,0,0.00173611,0,1493602024
1,5,0,0,0.00176324,0,1493602024
-1,5,0,0,0.00176324,0,1493602024
0,5,0,0,0.00173611,0,1493602024
2,6,0,0,0.00260851,0,1493602024
8,6,0,0,0.00423611,0,1493602024
8,6,0,0,0.00423611,0,1493602024
20,6,0,0,0.0133507,0,1493602024
43,4,0,0,0.0512684,0,1493602024
43,4,0,0,0.0512684,0,1493602024
70,6,0,0,0.135421,0,1493602024
70,6,0,0,0.135421,0,1493602024
70,6,0,0,0.135421,0,1493602024
70,6,0,0,0.135421,0,1493602024
70,6,0,0,0.135421,0,1493602024
70,6,0,0,0.135421,0,1493602024
70,6,0,0,0.135421,0,1493602024
70,6,0,0,0.135421,0,1493602024
70,6,0,0,0.135421,0,1493602024
70,6,0,0,0.135421,0,1493602024
70,6,0,0,0.135421,0,1493602024
70,6,0,0,0.135421,0,1493602024
70,6,0,0,0.135421,0,1493602024
56,-4,0,0,0.0861806,0,1493602024
56,-4,0,0,0.0861806,0,1493602024
25,-5,0,0,0.0186903,0,1493602024
12,-14,0,0,0.0175174,0,1493602025
-1,-8,0,0,0.00447157,0,1493602025
-13,-1,0,0,0.00465386,0,1493602025
-2,8,0,0,0.00455295,0,1493602025
12,11,0,0,0.012309,0,1493602025
26,10,0,0,0.0252821,0,1493602025
33,9,0,0,0.035166,0,1493602025
36,8,0,0,0.0396007,0,1493602025
36,7,0,0,0.038559,0,1493602025
33,8,0,0,0.0339855,0,1493602025
30,9,0,0,0.0300391,0,1493602025
30,9,0,0,0.0300391,0,1493602025
27,9,0,0,0.0254004,0,1493602025
26,9,0,0,0.0239627,0,1493602025
26,9,0,0,0.0239627,0,1493602025
26,9,0,0,0.0239627,0,1493602025
28,8,0,0,0.0257118,0,1493602025
29,8,0,0,0.027258,0,1493602025
30,7,0,0,0.0278168,0,1493602025
30,7,0,0,0.0278168,0,1493602025
31,7,0,0,0.0294716,0,1493602025
31,6,0,0,0.0285688,0,1493602025
30,6,0,0,0.0269141,0,1493602025
30,6,0,0,0.0269141,0,1493602025
30,7,0,0,0.0278168,0,1493602025
29,8,0,0,0.027258,0,1493602025
28,9,0,0,0.0268924,0,1493602025
28,8,0,0,0.0257118,0,1493602025
27,9,0,0,0.0254004,0,1493602025
27,9,0,0,0.0254004,0,1493602025
27,9,0,0,0.0254004,0,1493602025
27,9,0,0,0.0254004,0,1493602025
28,9,0,0,0.0268924,0,1493602025
29,9,0,0,0.0284386,0,1493602025
29,9,0,0,0.0284386,0,1493602025
30,8,0,0,0.0288585,0,1493602025
30,8,0,0,0.0288585,0,1493602025
31,8,0,0,0.0305132,0,1493602026
32,8,0,0,0.0322222,0,1493602026
32,8,0,0,0.0322222,0,1493602026
32,8,0,0,0.0322222,0,1493602026
31,8,0,0,0.0305132,0,1493602026
31,9,0,0,0.0316938,0,1493602026
30,9,0,0,0.0300391,0,1493602026
29,9,0,0,0.0284386,0,1493602026
29,9,0,0,0.0284386,0,1493602026
28,10,0,0,0.0282118,0,1493602026
28,10,0,0,0.0282118,0,1493602026
28,10,0,0,0.0282118,0,1493602026
27,10,0,0,0.0267198,0,1493602026
27,10,0,0,0.0267198,0,1493602026
28,10,0,0,0.0282118,0,1493602026
28,10,0,0,0.0282118,0,1493602026
28,10,0,0,0.0282118,0,1493602026
28,10,0,0,0.0282118,0,1493602026
27,10,0,0,0.0267198,0,1493602026
27,10,0,0,0.0267198,0,1493602026
26,11,0,0,0.0267405,0,1493602026
26,11,0,0,0.0267405,0,1493602026
26,11,0,0,0.0267405,0,1493602026
25,11,0,0,0.025357,0,1493602026
25,12,0,0,0.0269542,0,1493602026
25,12,0,0,0.0269542,0,1493602026
25,12,0,0,0.0269542,0,1493602026
26,13,0,0,0.0300738,0,1493602026
26,13,0,0,0.0300738,0,1493602026
26,13,0,0,0.0300738,0,1493602026
25,13,0,0,0.0286903,0,1493602026
24,13,0,0,0.0273611,0,1493602026
24,13,0,0,0.0273611,0,1493602026
23,13,0,0,0.0260862,0,1493602026
23,12,0,0,0.02435,0,1493602026
23,12,0,0,0.02435,0,1493602026
24,12,0,0,0.025625,0,1493602027
24,12,0,0,0.025625,0,1493602027
24,12,0,0,0.025625,0,1493602027
24,12,0,0,0.025625,0,1493602027
24,12,0,0,0.025625,0,1493602027
25,11,0,0,0.025357,0,1493602027
25,11,0,0,0.025357,0,1493602027
25,11,0,0,0.025357,0,1493602027
25,11,0,0,0.025357,0,1493602027
24,10,0,0,0.0225694,0,1493602027
24,10,0,0,0.0225694,0,1493602027
24,10,0,0,0.0225694,0,1493602027
24,10,0,0,0.0225694,0,1493602027
23,10,0,0,0.0212945,0,1493602027
23,10,0,0,0.0212945,0,1493602027
22,10,0,0,0.0200738,0,1493602027
21,10,0,0,0.0189073,0,1493602027
21,10,0,0,0.0189073,0,1493602027
21,10,0,0,0.0189073,0,1493602027
20,10,0,0,0.0177951,0,1493602027
19,10,0,0,0.0167372,0,1493602027
19,10,0,0,0.0167372,0,1493602027
19,10,0,0,0.0167372,0,1493602027
18,9,0,0,0.0144141,0,1493602027
17,9,0,0,0.0134646,0,1493602027
16,10,0,0,0.0138889,0,1493602027
16,10,0,0,0.0138889,0,1493602027
16,10,0,0,0.0138889,0,1493602027
15,10,0,0,0.013048,0,1493602027
15,10,0,0,0.013048,0,1493602027
15,10,0,0,0.013048,0,1493602027
14,10,0,0,0.0122613,0,1493602027
14,11,0,0,0.0137196,0,1493602027
14,11,0,0,0.0137196,0,1493602027
14,11,0,0,0.0137196,0,1493602027
14,12,0,0,0.0153168,0,1493602027
14,12,0,0,0.0153168,0,1493602027
13,12,0,0,0.0145844,0,1493602027
13,12,0,0,0.0145844,0,1493602028
13,12,0,0,0.0145844,0,1493602028
13,12,0,0,0.0145844,0,1493602028
13,12,0,0,0.0145844,0,1493602028
13,12,0,0,0.0145844,0,1493602028
13,12,0,0,0.0145844,0,1493602028
13,11,0,0,0.0129872,0,1493602028
13,11,0,0,0.0129872,0,1493602028
13,11,0,0,0.0129872,0,1493602028
13,11,0,0,0.0129872,0,1493602028
12,12,0,0,0.0139062,0,1493602028
11,12,0,0,0.0132823,0,1493602028
11,12,0,0,0.0132823,0,1493602028
10,12,0,0,0.0127127,0,1493602028
10,12,0,0,0.0127127,0,1493602028
9,12,0,0,0.0121973,0,1493602028
9,12,0,0,0.0121973,0,1493602028
9,12,0,0,0.0121973,0,1493602028
9,13,0,0,0.0139334,0,1493602028
9,13,0,0,0.0139334,0,1493602028
10,13,0,0,0.0144488,0,1493602028
10,12,0,0,0.0127127,0,1493602028
10,12,0,0,0.0127127,0,1493602028
10,12,0,0,0.0127127,0,1493602028
10,12,0,0,0.0127127,0,1493602028
10,12,0,0,0.0127127,0,1493602028
11,13,0,0,0.0150184,0,1493602028
11,13,0,0,0.0150184,0,1493602028
11,13,0,0,0.0150184,0,1493602028
11,13,0,0,0.0150184,0,1493602028
10,14,0,0,0.0163238,0,1493602028
10,14,0,0,0.0163238,0,1493602028
9,15,0,0,0.0178223,0,1493602028
8,15,0,0,0.0173611,0,1493602028
7,15,0,0,0.0169542,0,1493602028
7,15,0,0,0.0169542,0,1493602028
6,16,0,0,0.0187543,0,1493602028
5,16,0,0,0.0184559,0,1493602028
5,16,0,0,0.0184559,0,1493602028
4,16,0,0,0.0182118,0,1493602029
3,17,0,0,0.0203136,0,1493602029
3,17,0,0,0.0203136,0,1493602029
3,17,0,0,0.0203136,0,1493602029
3,18,0,0,0.0227441,0,1493602029
2,18,0,0,0.0226085,0,1493602029
2,19,0,0,0.025178,0,1493602029
2,19,0,0,0.025178,0,1493602029
3,20,0,0,0.0280219,0,1493602029
3,20,0,0,0.0280219,0,1493602029
4,20,0,0,0.0282118,0,1493602029
4,20,0,0,0.0282118,0,1493602029
4,20,0,0,0.0282118,0,1493602029
5,21,0,0,0.0313032,0,1493602029
5,21,0,0,0.0313032,0,1493602029
6,21,0,0,0.0316016,0,1493602029
6,21,0,0,0.0316016,0,1493602029
7,21,0,0,0.0319542,0,1493602029
8,21,0,0,0.0323611,0,1493602029
8,22,0,0,0.0353472,0,1493602029
9,22,0,0,0.0358084,0,1493602029
12,22,0,0,0.0375174,0,1493602029
12,22,0,0,0.0375174,0,1493602029
13,22,0,0,0.0381955,0,1493602029
14,22,0,0,0.0389279,0,1493602029
16,22,0,0,0.0405556,0,1493602029
16,22,0,0,0.0405556,0,1493602029
17,22,0,0,0.0414507,0,1493602029
18,22,0,0,0.0424002,0,1493602029
20,21,0,0,0.0414757,0,1493602029
20,21,0,0,0.0414757,0,1493602029
21,21,0,0,0.0425879,0,1493602029
23,21,0,0,0.044975,0,1493602029
25,20,0,0,0.044732,0,1493602029
25,20,0,0,0.044732,0,1493602029
26,20,0,0,0.0461155,0,1493602029
28,20,0,0,0.0490451,0,1493602029
30,19,0,0,0.0494835,0,1493602029
31,18,0,0,0.0485688,0,1493602030
33,18,0,0,0.052041,0,1493602030
33,18,0,0,0.052041,0,1493602030
35,17,0,0,0.0532997,0,1493602030
37,17,0,0,0.0572059,0,1493602030
39,16,0,0,0.0590375,0,1493602030
39,16,0,0,0.0590375,0,1493602030
42,17,0,0,0.067921,0,1493602030
46,17,0,0,0.0774696,0,1493602030
46,17,0,0,0.0774696,0,1493602030
49,17,0,0,0.0852007,0,1493602030
51,17,0,0,0.0906261,0,1493602030
53,16,0,0,0.0939768,0,1493602030
55,16,0,0,0.0998362,0,1493602030
58,16,0,0,0.109032,0,1493602030
58,16,0,0,0.109032,0,1493602030
60,16,0,0,0.115434,0,1493602030
62,16,0,0,0.122053,0,1493602030
64,16,0,0,0.128889,0,1493602030
64,16,0,0,0.128889,0,1493602030
67,16,0,0,0.13955,0,1493602030
69,16,0,0,0.146928,0,1493602030
72,17,0,0,0.160694,0,1493602030
74,17,0,0,0.168615,0,1493602030
77,17,0,0,0.180904,0,1493602030
77,17,0,0,0.180904,0,1493602030
79,17,0,0,0.189367,0,1493602030
82,17,0,0,0.20247,0,1493602030
84,17,0,0,0.211476,0,1493602030
87,17,0,0,0.225392,0,1493602030
89,17,0,0,0.23494,0,1493602030
92,17,0,0,0.24967,0,1493602030
94,17,0,0,0.259761,0,1493602030
94,17,0,0,0.259761,0,1493602030
97,17,0,0,0.275305,0,1493602030
99,17,0,0,0.285939,0,1493602030
101,17,0,0,0.296789,0,1493602031
101,17,0,0,0.296789,0,1493602031
104,17,0,0,0.313472,0,1493602031
106,17,0,0,0.324865,0,1493602031
108,17,0,0,0.336476,0,1493602031
108,17,0,0,0.336476,0,1493602031
111,17,0,0,0.354298,0,1493602031
113,17,0,0,0.366451,0,1493602031
115,17,0,0,0.378821,0,1493602031
115,17,0,0,0.378821,0,1493602031
117,17,0,0,0.391407,0,1493602031
120,17,0,0,0.410694,0,1493602031
122,17,0,0,0.423824,0,1493602031
124,17,0,0,0.43717,0,1493602031
126,17,0,0,0.450734,0,1493602031
126,17,0,0,0.450734,0,1493602031
128,17,0,0,0.464514,0,1493602031
132,17,0,0,0.492726,0,1493602031
132,17,0,0,0.492726,0,1493602031
134,16,0,0,0.504865,0,1493602031
136,16,0,0,0.519514,0,1493602031
138,16,0,0,0.534379,0,1493602031
138,16,0,0,0.534379,0,1493602031
140,16,0,0,0.549462,0,1493602031
142,16,0,0,0.564761,0,1493602031
144,15,0,0,0.578125,0,1493602031
144,15,0,0,0.578125,0,1493602031
148,15,0,0,0.609809,0,1493602031
150,14,0,0,0.623963,0,1493602031
150,14,0,0,0.623963,0,1493602031
151,14,0,0,0.632128,0,1493602031
153,13,0,0,0.646746,0,1493602031
153,13,0,0,0.646746,0,1493602031
155,12,0,0,0.66172,0,1493602031
156,12,0,0,0.670156,0,1493602031
158,11,0,0,0.685595,0,1493602031
158,12,0,0,0.687192,0,1493602031
160,11,0,0,0.702847,0,1493602031
161,11,0,0,0.711555,0,1493602032
163,11,0,0,0.729133,0,1493602032
163,11,0,0,0.729133,0,1493602032
164,10,0,0,0.736545,0,1493602032
165,10,0,0,0.74547,0,1493602032
165,10,0,0,0.74547,0,1493602032
165,10,0,0,0.74547,0,1493602032
166,10,0,0,0.754449,0,1493602032
168,10,0,0,0.772569,0,1493602032
169,10,0,0,0.781711,0,1493602032
172,9,0,0,0.808142,0,1493602032
174,9,0,0,0.826914,0,1493602032
174,9,0,0,0.826914,0,1493602032
177,9,0,0,0.855479,0,1493602032
180,8,0,0,0.883351,0,1493602032
182,8,0,0,0.90299,0,1493602032
184,7,0,0,0.921806,0,1493602032
187,7,0,0,0.951998,0,1493602032
189,5,0,0,0.97073,0,1493602032
191,5,0,0,0.991347,0,1493602032
191,5,0,0,0.991347,0,1493602032
194,4,0,-0.3,1.02205,0,1493602032
196,4,0,-0.3,1.04321,0,1493602032
198,3,0,-0.3,1.0641,0,1493602032
200,2,0,-0.3,1.08535,0,1493602032
203,2,0,-0.3,1.11814,0,1493602032
204,2,0,-0.3,1.12918,0,1493602032
204,2,0,-0.3,1.12918,0,1493602032
207,2,0,-0.3,1.16263,0,1493602032
209,1,0,-0.3,1.18499,0,1493602032
211,1,0,-0.3,1.20778,0,1493602032
213,0,0,-0.3,1.23071,0,1493602032
215,-1,0,-0.3,1.254,0,1493602032
216,-1,0,-0.3,1.26569,0,1493602032
216,-1,0,-0.3,1.26569,0,1493602032
217,-2,0,-0.3,1.27765,0,1493602033
218,-2,0,-0.3,1.28945,0,1493602033
219,-3,0,-0.3,1.30165,0,1493602033
219,-4,0,-0.3,1.30214,0,1493602033
220,-4,0,-0.3,1.31405,0,1493602033
220,-5,0,-0.3,1.31467,0,1493602033
220,-5,0,-0.3,1.31467,0,1493602033
220,-5,0,-0.3,1.31467,0,1493602033
220,-6,0,-0.3,1.31543,0,1493602033
220,-6,0,-0.3,1.31543,0,1493602033
219,-7,0,-0.3,1.30443,0,1493602033
219,-7,0,-0.3,1.30443,0,1493602033
219,-7,0,-0.3,1.30443,0,1493602033
218,-8,0,-0.3,1.29362,0,1493602033
218,-9,0,-0.3,1.2948,0,1493602033
217,-10,0,-0.3,1.28432,0,1493602033
217,-10,0,-0.3,1.28432,0,1493602033
216,-10,0,-0.3,1.27257,0,1493602033
216,-11,0,-0.3,1.27403,0,1493602033
216,-11,0,-0.3,1.27403,0,1493602033
215,-11,0,-0.3,1.26234,0,1493602033
213,-12,0,-0.3,1.24071,0,1493602033
212,-12,0,-0.3,1.22918,0,1493602033
211,-12,0,-0.3,1.21771,0,1493602033
210,-13,0,-0.3,1.20803,0,1493602033
207,-14,0,-0.3,1.17596,0,1493602033
205,-15,0,-0.3,1.15563,0,1493602033
204,-15,0,-0.3,1.14453,0,1493602033
202,-15,0,-0.3,1.1225,0,1493602033
200,-16,0,-0.3,1.10285,0,1493602033
198,-17,0,-0.3,1.08355,0,1493602033
195,-17,0,-0.3,1.05156,0,1493602033
193,-16,0,-0.3,1.02822,0,1493602033
190,-16,0,0,0.997053,0,1493602033
190,-16,0,0,0.997053,0,1493602033
187,-16,0,0,0.966373,0,1493602033
185,-16,0,0,0.94619,0,1493602033
182,-16,0,0,0.916324,0,1493602033
182,-16,0,0,0.916324,0,1493602033
180,-16,0,0,0.896684,0,1493602034
177,-16,0,0,0.867631,0,1493602034
177,-16,0,0,0.867631,0,1493602034
174,-16,0,0,0.839067,0,1493602034
171,-17,0,0,0.813282,0,1493602034
168,-16,0,0,0.783403,0,1493602034
168,-16,0,0,0.783403,0,1493602034
165,-16,0,0,0.756303,0,1493602034
163,-16,0,0,0.738508,0,1493602034
161,-15,0,0,0.718777,0,1493602034
159,-15,0,0,0.701416,0,1493602034
159,-15,0,0,0.701416,0,1493602034
157,-15,0,0,0.684272,0,1493602034
155,-15,0,0,0.667345,0,1493602034
153,-16,0,0,0.652788,0,1493602034
151,-16,0,0,0.636294,0,1493602034
151,-16,0,0,0.636294,0,1493602034
149,-17,0,0,0.62231,0,1493602034
147,-17,0,0,0.606251,0,1493602034
146,-18,0,0,0.600734,0,1493602034
146,-18,0,0,0.600734,0,1493602034
144,-18,0,0,0.585,0,1493602034
144,-19,0,0,0.587569,0,1493602034
143,-19,0,0,0.579784,0,1493602034
143,-19,0,0,0.579784,0,1493602034
142,-20,0,0,0.574761,0,1493602034
141,-21,0,0,0.569932,0,1493602034
141,-21,0,0,0.569932,0,1493602034
141,-22,0,0,0.572918,0,1493602034
141,-22,0,0,0.572918,0,1493602034
140,-23,0,0,0.56842,0,1493602034
141,-23,0,0,0.576043,0,1493602034
141,-23,0,0,0.576043,0,1493602034
141,-24,0,0,0.579307,0,1493602034
141,-24,0,0,0.579307,0,1493602034
142,-25,0,0,0.590386,0,1493602034
143,-25,0,0,0.598117,0,1493602034
143,-25,0,0,0.598117,0,1493602034
143,-26,0,0,0.601659,0,1493602035
144,-27,0,0,0.613125,0,1493602035
144,-28,0,0,0.616944,0,1493602035
144,-28,0,0,0.616944,0,1493602035
145,-29,0,0,0.628742,0,1493602035
146,-30,0,0,0.640733,0,1493602035
147,-30,0,0,0.648682,0,1493602035
147,-30,0,0,0.648682,0,1493602035
147,-31,0,0,0.652918,0,1493602035
148,-31,0,0,0.66092,0,1493602035
148,-32,0,0,0.665295,0,1493602035
148,-32,0,0,0.665295,0,1493602035
149,-32,0,0,0.673352,0,1493602035
149,-33,0,0,0.677866,0,1493602035
149,-34,0,0,0.682518,0,1493602035
149,-34,0,0,0.682518,0,1493602035
150,-34,0,0,0.690629,0,1493602035
150,-35,0,0,0.695421,0,1493602035
150,-36,0,0,0.700352,0,1493602035
150,-36,0,0,0.700352,0,1493602035
149,-37,0,0,0.69731,0,1493602035
149,-37,0,0,0.69731,0,1493602035
149,-38,0,0,0.702518,0,1493602035
149,-38,0,0,0.702518,0,1493602035
148,-39,0,0,0.699809,0,1493602035
147,-39,0,0,0.691807,0,1493602035
147,-39,0,0,0.691807,0,1493602035
146,-40,0,0,0.689345,0,1493602035
145,-40,0,0,0.681451,0,1493602035
144,-41,0,0,0.679236,0,1493602035
144,-41,0,0,0.679236,0,1493602035
142,-42,0,0,0.669483,0,1493602035
141,-42,0,0,0.661807,0,1493602035
139,-43,0,0,0.652518,0,1493602035
139,-43,0,0,0.652518,0,1493602035
137,-43,0,0,0.637545,0,1493602035
135,-44,0,0,0.628829,0,1493602035
133,-44,0,0,0.614289,0,1493602035
131,-44,0,0,0.599966,0,1493602035
129,-45,0,0,0.592041,0,1493602036
129,-45,0,0,0.592041,0,1493602036
126,-45,0,0,0.571289,0,1493602036
124,-46,0,0,0.564045,0,1493602036
122,-46,0,0,0.550699,0,1493602036
122,-46,0,0,0.550699,0,1493602036
119,-47,0,0,0.537544,0,1493602036
117,-48,0,0,0.531338,0,1493602036
114,-49,0,0,0.519275,0,1493602036
114,-49,0,0,0.519275,0,1493602036
112,-50,0,0,0.513889,0,1493602036
109,-51,0,0,0.502918,0,1493602036
107,-52,0,0,0.498352,0,1493602036
107,-52,0,0,0.498352,0,1493602036
104,-53,0,0,0.488472,0,1493602036
101,-54,0,0,0.47922,0,1493602036
99,-55,0,0,0.475939,0,1493602036
99,-55,0,0,0.475939,0,1493602036
96,-55,0,0,0.460069,0,1493602036
94,-56,0,0,0.45747,0,1493602036
94,-56,0,0,0.45747,0,1493602036
91,-57,0,0,0.450262,0,1493602036
88,-58,0,0,0.443681,0,1493602036
85,-59,0,0,0.437727,0,1493602036
85,-59,0,0,0.437727,0,1493602036
82,-60,0,0,0.4324,0,1493602036
79,-61,0,0,0.427701,0,1493602036
76,-62,0,0,0.423628,0,1493602036
76,-62,0,0,0.423628,0,1493602036
73,-63,0,0,0.420183,0,1493602036
70,-65,0,0,0.426324,0,1493602036
67,-66,0,0,0.424272,0,1493602036
67,-66,0,0,0.424272,0,1493602036
63,-68,0,0,0.428777,0,1493602036
60,-69,0,0,0.428281,0,1493602036
56,-72,0,0,0.445069,0,1493602036
56,-72,0,0,0.445069,0,1493602036
53,-74,0,0,0.456477,0,1493602036
49,-76,0,0,0.466242,0,1493602036
45,-78,0,0,0.477432,0,1493602036
45,-78,0,0,0.477432,0,1493602037
42,-80,0,0,0.492296,0,1493602037
38,-82,0,0,0.506115,0,1493602037
34,-83,0,0,0.509761,0,1493602037
30,-84,0,0,0.514414,0,1493602037
30,-84,0,0,0.514414,0,1493602037
26,-85,0,0,0.520074,0,1493602037
22,-87,0,0,0.538754,0,1493602037
18,-88,0,0,0.546567,0,1493602037
14,-89,0,0,0.555386,0,1493602037
10,-91,0,0,0.577782,0,1493602037
10,-91,0,0,0.577782,0,1493602037
6,-92,0,0,0.588754,0,1493602037
2,-93,0,0,0.600734,0,1493602037
2,-93,0,0,0.600734,0,1493602037
-2,-94,0,0,0.61372,0,1493602037
-6,-95,0,0,0.627713,0,1493602037
-10,-96,0,0,0.642713,0,1493602037
-13,-97,0,0,0.657987,0,1493602037
-17,-97,0,0,0.661242,0,1493602037
-21,-98,0,0,0.678907,0,1493602037
-21,-98,0,0,0.678907,0,1493602037
-24,-98,0,0,0.682569,0,1493602037
-28,-99,0,0,0.701892,0,1493602037
-28,-99,0,0,0.701892,0,1493602037
-32,-99,0,0,0.708403,0,1493602037
-36,-99,0,0,0.715781,0,1493602037
-40,-99,0,0,0.724028,0,1493602037
-43,-99,0,0,0.730782,0,1493602037
-47,-99,0,0,0.740548,0,1493602037
-47,-98,0,0,0.726867,0,1493602037
-50,-98,0,0,0.734761,0,1493602037
-54,-98,0,0,0.746046,0,1493602037
-57,-98,0,0,0.755079,0,1493602037
-57,-98,0,0,0.755079,0,1493602037
-60,-98,0,0,0.764601,0,1493602037
-64,-98,0,0,0.778056,0,1493602037
-67,-98,0,0,0.788716,0,1493602038
-70,-98,0,0,0.799865,0,1493602038
-73,-98,0,0,0.811503,0,1493602038
-76,-98,0,0,0.823628,0,1493602038
-76,-98,0,0,0.823628,0,1493602038
-79,-98,0,0,0.836242,0,1493602038
-82,-98,0,0,0.849345,0,1493602038
-84,-97,0,0,0.844809,0,1493602038
-84,-97,0,0,0.844809,0,1493602038
-87,-96,0,0,0.845322,0,1493602038
-90,-96,0,0,0.859727,0,1493602038
-92,-95,0,0,0.856337,0,1493602038
-95,-95,0,0,0.871555,0,1493602038
-95,-95,0,0,0.871555,0,1493602038
-98,-94,0,0,0.874136,0,1493602038
-101,-93,0,0,0.877345,0,1493602038
-103,-92,0,0,0.875565,0,1493602038
-103,-92,0,0,0.875565,0,1493602038
-106,-91,0,0,0.879865,0,1493602038
-109,-89,0,0,0.872362,0,1493602038
-111,-88,0,0,0.872006,0,1493602038
-113,-87,0,0,0.872006,0,1493602038
-113,-87,0,0,0.872006,0,1493602038
-116,-85,0,0,0.866753,0,1493602038
-118,-84,0,0,0.867713,0,1493602038
-120,-83,0,0,0.869028,0,1493602038
-120,-83,0,0,0.869028,0,1493602038
-122,-82,0,0,0.870699,0,1493602038
-124,-80,0,0,0.861545,0,1493602038
-125,-78,0,0,0.846355,0,1493602038
-125,-78,0,0,0.846355,0,1493602038
-127,-77,0,0,0.849263,0,1493602038
-129,-75,0,0,0.842041,0,1493602038
-130,-73,0,0,0.828511,0,1493602038
-131,-72,0,0,0.825522,0,1493602038
-133,-70,0,0,0.820123,0,1493602038
-134,-68,0,0,0.808199,0,1493602038
-134,-68,0,0,0.808199,0,1493602038
-136,-66,0,0,0.804236,0,1493602038
-137,-65,0,0,0.802544,0,1493602039
-137,-65,0,0,0.802544,0,1493602039
-138,-63,0,0,0.792227,0,1493602039
-139,-61,0,0,0.782518,0,1493602039
-140,-59,0,0,0.77342,0,1493602039
-140,-59,0,0,0.77342,0,1493602039
-141,-58,0,0,0.772918,0,1493602039
-143,-56,0,0,0.772492,0,1493602039
-144,-54,0,0,0.765,0,1493602039
-144,-54,0,0,0.765,0,1493602039
-144,-53,0,0,0.757569,0,1493602039
-145,-51,0,0,0.750965,0,1493602039
-146,-49,0,0,0.74497,0,1493602039
-146,-49,0,0,0.74497,0,1493602039
-146,-47,0,0,0.731636,0,1493602039
-147,-46,0,0,0.733126,0,1493602039
-148,-44,0,0,0.728628,0,1493602039
-147,-44,0,0,0.720626,0,1493602039
-148,-43,0,0,0.722587,0,1493602039
-149,-41,0,0,0.718977,0,1493602039
-149,-40,0,0,0.713352,0,1493602039
-149,-40,0,0,0.713352,0,1493602039
-150,-38,0,0,0.710629,0,1493602039
-150,-37,0,0,0.705421,0,1493602039
-151,-36,0,0,0.708517,0,1493602039
-151,-36,0,0,0.708517,0,1493602039
-151,-34,0,0,0.698794,0,1493602039
-152,-33,0,0,0.702361,0,1493602039
-152,-32,0,0,0.697847,0,1493602039
-153,-31,0,0,0.701746,0,1493602039
-153,-31,0,0,0.701746,0,1493602039
-153,-30,0,0,0.69751,0,1493602039
-154,-29,0,0,0.70174,0,1493602039
-154,-28,0,0,0.697782,0,1493602039
-154,-28,0,0,0.697782,0,1493602039
-155,-27,0,0,0.702345,0,1493602039
-155,-26,0,0,0.698664,0,1493602039
-156,-25,0,0,0.703559,0,1493602039
-156,-25,0,0,0.703559,0,1493602039
-156,-24,0,0,0.700156,0,1493602040
-156,-23,0,0,0.696892,0,1493602040
-157,-21,0,0,0.699272,0,1493602040
-157,-20,0,0,0.696425,0,1493602040
-157,-20,0,0,0.696425,0,1493602040
-158,-19,0,0,0.702261,0,1493602040
-158,-18,0,0,0.699692,0,1493602040
-158,-17,0,0,0.697261,0,1493602040
-159,-16,0,0,0.703569,0,1493602040
-159,-16,0,0,0.703569,0,1493602040
-159,-15,0,0,0.701416,0,1493602040
-159,-14,0,0,0.699402,0,1493602040
-160,-13,0,0,0.706181,0,1493602040
-160,-13,0,0,0.706181,0,1493602040
-160,-12,0,0,0.704444,0,1493602040
-160,-11,0,0,0.702847,0,1493602040
-161,-10,0,0,0.710097,0,1493602040
-161,-10,0,0,0.710097,0,1493602040
-161,-10,0,0,0.710097,0,1493602040
-162,-9,0,0,0.717539,0,1493602040
-162,-8,0,0,0.716358,0,1493602040
-162,-7,0,0,0.715317,0,1493602040
-163,-7,0,0,0.724133,0,1493602040
-163,-6,0,0,0.72323,0,1493602040
-163,-6,0,0,0.72323,0,1493602040
-163,-5,0,0,0.722466,0,1493602040
-163,-5,0,0,0.722466,0,1493602040
-163,-4,0,0,0.721841,0,1493602040
-163,-4,0,0,0.721841,0,1493602040
-163,-3,0,0,0.721355,0,1493602040
-163,-2,0,0,0.721008,0,1493602040
-163,-2,0,0,0.721008,0,1493602040
-163,-2,0,0,0.721008,0,1493602040
-163,-1,0,0,0.7208,0,1493602040
-163,0,0,0,0.72073,0,1493602040
-163,0,0,0,0.72073,0,1493602040
-163,1,0,0,0.7208,0,1493602040
-164,1,0,0,0.72967,0,1493602040
-164,2,0,0,0.729878,0,1493602041
-164,2,0,0,0.729878,0,1493602041
-164,2,0,0,0.729878,0,1493602041
-164,3,0,0,0.730226,0,1493602041
-164,3,0,0,0.730226,0,1493602041
-164,3,0,0,0.730226,0,1493602041
-164,4,0,0,0.730712,0,1493602041
-165,4,0,0,0.739636,0,1493602041
-165,4,0,0,0.739636,0,1493602041
-165,4,0,0,0.739636,0,1493602041
-165,5,0,0,0.740261,0,1493602041
-166,5,0,0,0.74924,0,1493602041
-166,5,0,0,0.74924,0,1493602041
-167,5,0,0,0.758274,0,1493602041
-167,6,0,0,0.759038,0,1493602041
-168,6,0,0,0.768125,0,1493602041
-168,6,0,0,0.768125,0,1493602041
-169,6,0,0,0.777267,0,1493602041
-170,6,0,0,0.786463,0,1493602041
-171,6,0,0,0.795713,0,1493602041
-172,5,0,0,0.804253,0,1493602041
-174,5,0,0,0.823025,0,1493602041
-174,5,0,0,0.823025,0,1493602041
-175,5,0,0,0.832492,0,1493602041
-177,4,0,0,0.850965,0,1493602041
-178,5,0,0,0.86122,0,1493602041
-179,4,0,0,0.870279,0,1493602041
-182,4,0,0,0.899657,0,1493602041
-184,3,0,0,0.919028,0,1493602041
-184,3,0,0,0.919028,0,1493602041
-189,2,0,0,0.969272,0,1493602041
-192,1,0,0.3,1.00007,0,1493602041
-192,2,0,0.3,1.00028,0,1493602041
-194,1,0,0.3,1.02101,0,1493602041
-197,1,0,0.3,1.05283,0,1493602041
-197,0,0,0.3,1.05276,0,1493602041
-200,0,0,0.3,1.08507,0,1493602041
-205,0,0,0.3,1.14,0,1493602041
-208,0,0,0.3,1.17361,0,1493602042
-209,0,0,0.3,1.18492,0,1493602042
-211,0,0,0.3,1.20771,0,1493602042
-213,-1,0,0.3,1.23078,0,1493602042
-215,-1,0,0.3,1.254,0,1493602042
-215,-1,0,0.3,1.254,0,1493602042
-216,-2,0,0.3,1.2659,0,1493602042
-217,-3,0,0.3,1.278,0,1493602042
-218,-3,0,0.3,1.2898,0,1493602042
-218,-3,0,0.3,1.2898,0,1493602042
-219,-4,0,0.3,1.30214,0,1493602042
-220,-4,0,0.3,1.31405,0,1493602042
-220,-4,0,0.3,1.31405,0,1493602042
-220,-5,0,0.3,1.31467,0,1493602042
-221,-5,0,0.3,1.32663,0,1493602042
-221,-5,0,0.3,1.32663,0,1493602042
-221,-5,0,0.3,1.32663,0,1493602042
-221,-5,0,0.3,1.32663,0,1493602042
-221,-5,0,0.3,1.32663,0,1493602042
-221,-5,0,0.3,1.32663,0,1493602042
-221,-5,0,0.3,1.32663,0,1493602042
-221,-5,0,0.3,1.32663,0,1493602042
-220,-5,0,0.3,1.31467,0,1493602042
-220,-4,0,0.3,1.31405,0,1493602042
-220,-4,0,0.3,1.31405,0,1493602042
-218,-4,0,0.3,1.29028,0,1493602042
-217,-4,0,0.3,1.27848,0,1493602042
-218,-4,0,0.3,1.29028,0,1493602042
-217,-3,0,0.3,1.278,0,1493602042
-216,-3,0,0.3,1.26625,0,1493602042
-215,-2,0,0.3,1.25421,0,1493602042
-215,-2,0,0.3,1.25421,0,1493602042
-214,-1,0,0.3,1.24237,0,1493602042
-213,0,0,0.3,1.23071,0,1493602042
-213,0,0,0.3,1.23071,0,1493602042
-212,0,0,0.3,1.21918,0,1493602042
-209,1,0,0.3,1.18499,0,1493602042
-209,1,0,0.3,1.18499,0,1493602043
-207,1,0,0.3,1.16242,0,1493602043
-204,1,0,0.3,1.12898,0,1493602043
-202,1,0,0.3,1.10695,0,1493602043
-199,1,0,0.3,1.07432,0,1493602043
-197,1,0,0.3,1.05283,0,1493602043
-195,1,0,0.3,1.03156,0,1493602043
-195,1,0,0.3,1.03156,0,1493602043
-193,1,0,0.3,1.01051,0,1493602043
-191,1,0,0,0.98968,0,1493602043
-188,1,0,0,0.958837,0,1493602043
-188,1,0,0,0.958837,0,1493602043
-186,1,0,0,0.938546,0,1493602043
-183,2,0,0,0.908725,0,1493602043
-181,2,0,0,0.888977,0,1493602043
-180,2,0,0,0.879184,0,1493602043
-179,2,0,0,0.869446,0,1493602043
-176,2,0,0,0.840556,0,1493602043
-174,2,0,0,0.821567,0,1493602043
-172,3,0,0,0.803142,0,1493602043
-171,3,0,0,0.793838,0,1493602043
-169,3,0,0,0.775392,0,1493602043
-168,3,0,0,0.76625,0,1493602043
-168,3,0,0,0.76625,0,1493602043
-166,3,0,0,0.748129,0,1493602043
-166,3,0,0,0.748129,0,1493602043
-165,4,0,0,0.739636,0,1493602043
-165,4,0,0,0.739636,0,1493602043
-165,4,0,0,0.739636,0,1493602043
-164,4,0,0,0.730712,0,1493602043
-164,4,0,0,0.730712,0,1493602043
-164,4,0,0,0.730712,0,1493602043
-164,4,0,0,0.730712,0,1493602043
-164,4,0,0,0.730712,0,1493602043
-164,4,0,0,0.730712,0,1493602043
-164,4,0,0,0.730712,0,1493602043
-164,4,0,0,0.730712,0,1493602043
-164,4,0,0,0.730712,0,1493602044
-165,4,0,0,0.739636,0,1493602044
-165,4,0,0,0.739636,0,1493602044
-166,3,0,0,0.748129,0,1493602044
-166,3,0,0,0.748129,0,1493602044
-167,3,0,0,0.757163,0,1493602044
-167,3,0,0,0.757163,0,1493602044
-168,3,0,0,0.76625,0,1493602044
-170,3,0,0,0.784588,0,1493602044
-171,3,0,0,0.793838,0,1493602044
-173,3,0,0,0.812501,0,1493602044
-173,3,0,0,0.812501,0,1493602044
-174,3,0,0,0.821914,0,1493602044
-176,3,0,0,0.840903,0,1493602044
-176,3,0,0,0.840903,0,1493602044
-179,3,0,0,0.869793,0,1493602044
-181,3,0,0,0.889324,0,1493602044
-184,2,0,0,0.918681,0,1493602044
-186,2,0,0,0.938754,0,1493602044
-189,1,0,0,0.969064,0,1493602044
-189,1,0,0,0.969064,0,1493602044
-191,1,0,0,0.98968,0,1493602044
-193,1,0,0.3,1.01051,0,1493602044
-197,2,0,0.3,1.05304,0,1493602044
-196,2,0,0.3,1.04238,0,1493602044
-200,3,0,0.3,1.08569,0,1493602044
-201,2,0,0.3,1.09623,0,1493602044
-204,3,0,0.3,1.12953,0,1493602044
-204,3,0,0.3,1.12953,0,1493602044
-207,3,0,0.3,1.16298,0,1493602044
-209,3,0,0.3,1.18555,0,1493602044
-211,3,0,0.3,1.20833,0,1493602044
-212,3,0,0.3,1.21981,0,1493602044
-213,3,0,0.3,1.23134,0,1493602044
-214,3,0,0.3,1.24292,0,1493602044
-215,2,0,0.3,1.25421,0,1493602044
-215,2,0,0.3,1.25421,0,1493602044
-216,2,0,0.3,1.2659,0,1493602044
-217,1,0,0.3,1.27744,0,1493602044
-217,1,0,0.3,1.27744,0,1493602045
-217,1,0,0.3,1.27744,0,1493602045
-218,0,0,0.3,1.28917,0,1493602045
-218,0,0,0.3,1.28917,0,1493602045
-219,0,0,0.3,1.30103,0,1493602045
-219,0,0,0.3,1.30103,0,1493602045
-219,-1,0,0.3,1.30109,0,1493602045
-219,-1,0,0.3,1.30109,0,1493602045
-219,-1,0,0.3,1.30109,0,1493602045
-219,-2,0,0.3,1.3013,0,1493602045
-218,-2,0,0.3,1.28945,0,1493602045
-218,-2,0,0.3,1.28945,0,1493602045
-218,-3,0,0.3,1.2898,0,1493602045
-217,-3,0,0.3,1.278,0,1493602045
-217,-3,0,0.3,1.278,0,1493602045
-216,-4,0,0.3,1.26674,0,1493602045
-216,-4,0,0.3,1.26674,0,1493602045
-216,-4,0,0.3,1.26674,0,1493602045
-215,-5,0,0.3,1.25567,0,1493602045
-214,-5,0,0.3,1.24403,0,1493602045
-214,-5,0,0.3,1.24403,0,1493602045
-212,-6,0,0.3,1.22168,0,1493602045
-211,-6,0,0.3,1.21021,0,1493602045
-211,-6,0,0.3,1.21021,0,1493602045
-210,-7,0,0.3,1.19969,0,1493602045
-208,-7,0,0.3,1.17701,0,1493602045
-207,-8,0,0.3,1.1668,0,1493602045
-207,-8,0,0.3,1.1668,0,1493602045
-205,-9,0,0.3,1.14563,0,1493602045
-202,-10,0,0.3,1.11382,0,1493602045
-199,-11,0,0.3,1.08265,0,1493602045
-199,-11,0,0.3,1.08265,0,1493602045
-194,-14,0,0.3,1.03455,0,1493602045
-189,-15,0,0,0.984619,0,1493602045
-183,-14,0,0,0.922058,0,1493602045
-183,-14,0,0,0.922058,0,1493602045
-180,-11,0,0,0.887309,0,1493602045
-178,-8,0,0,0.863928,0,1493602046
-177,-8,0,0,0.854298,0,1493602046
-175,-9,0,0,0.836381,0,1493602046
-173,-11,0,0,0.820279,0,1493602046
-171,-13,0,0,0.804949,0,1493602046
-171,-13,0,0,0.804949,0,1493602046
-168,-15,0,0,0.78125,0,1493602046
-166,-16,0,0,0.765282,0,1493602046
-164,-17,0,0,0.74967,0,1493602046
-164,-17,0,0,0.74967,0,1493602046
-161,-18,0,0,0.725652,0,1493602046
-159,-19,0,0,0.71086,0,1493602046
-157,-19,0,0,0.693716,0,1493602046
-154,-20,0,0,0.671115,0,1493602046
-154,-20,0,0,0.671115,0,1493602046
-152,-20,0,0,0.654514,0,1493602046
-150,-21,0,0,0.640977,0,1493602046
-149,-21,0,0,0.632866,0,1493602046
-149,-21,0,0,0.632866,0,1493602046
-147,-21,0,0,0.616807,0,1493602046
-146,-22,0,0,0.611845,0,1493602046
-146,-21,0,0,0.608859,0,1493602046
-145,-22,0,0,0.603951,0,1493602046
-144,-22,0,0,0.596111,0,1493602046
-143,-22,0,0,0.588326,0,1493602046
-143,-22,0,0,0.588326,0,1493602046
-142,-22,0,0,0.580595,0,1493602046
-142,-23,0,0,0.58372,0,1493602046
-141,-23,0,0,0.576043,0,1493602046
-141,-23,0,0,0.576043,0,1493602046
-141,-23,0,0,0.576043,0,1493602046
-141,-24,0,0,0.579307,0,1493602046
-141,-24,0,0,0.579307,0,1493602046
-141,-24,0,0,0.579307,0,1493602046
-140,-25,0,0,0.575087,0,1493602046
-140,-25,0,0,0.575087,0,1493602046
-140,-26,0,0,0.578628,0,1493602046
-140,-26,0,0,0.578628,0,1493602046
-140,-26,0,0,0.578628,0,1493602046
-139,-27,0,0,0.574741,0,1493602047
-139,-27,0,0,0.574741,0,1493602047
-139,-28,0,0,0.57856,0,1493602047
-138,-28,0,0,0.571046,0,1493602047
-138,-28,0,0,0.571046,0,1493602047
-138,-29,0,0,0.575004,0,1493602047
-137,-29,0,0,0.567544,0,1493602047
-137,-30,0,0,0.571642,0,1493602047
-137,-30,0,0,0.571642,0,1493602047
-137,-30,0,0,0.571642,0,1493602047
-136,-31,0,0,0.568472,0,1493602047
-136,-31,0,0,0.568472,0,1493602047
-135,-32,0,0,0.565496,0,1493602047
-135,-32,0,0,0.565496,0,1493602047
-134,-33,0,0,0.562713,0,1493602047
-134,-33,0,0,0.562713,0,1493602047
-133,-34,0,0,0.560123,0,1493602047
-133,-34,0,0,0.560123,0,1493602047
-132,-35,0,0,0.557726,0,1493602047
-131,-36,0,0,0.555522,0,1493602047
-130,-37,0,0,0.553511,0,1493602047
-130,-37,0,0,0.553511,0,1493602047
-129,-37,0,0,0.546485,0,1493602047
-128,-38,0,0,0.544722,0,1493602047
-127,-39,0,0,0.543152,0,1493602047
-126,-40,0,0,0.541775,0,1493602047
-125,-40,0,0,0.534966,0,1493602047
-125,-40,0,0,0.534966,0,1493602047
-124,-41,0,0,0.533837,0,1493602047
-123,-42,0,0,0.5329,0,1493602047
-122,-43,0,0,0.532157,0,1493602047
-121,-44,0,0,0.531607,0,1493602047
-120,-45,0,0,0.53125,0,1493602047
-118,-45,0,0,0.518338,0,1493602047
-117,-46,0,0,0.518282,0,1493602047
-115,-47,0,0,0.512154,0,1493602047
-115,-47,0,0,0.512154,0,1493602047
-113,-48,0,0,0.506381,0,1493602047
-112,-48,0,0,0.500278,0,1493602048
-110,-49,0,0,0.49497,0,1493602048
-110,-49,0,0,0.49497,0,1493602048
-108,-50,0,0,0.490017,0,1493602048
-106,-51,0,0,0.485421,0,1493602048
-106,-51,0,0,0.485421,0,1493602048
-104,-51,0,0,0.474028,0,1493602048
-102,-52,0,0,0.470004,0,1493602048
-100,-53,0,0,0.466337,0,1493602048
-100,-54,0,0,0.473767,0,1493602048
-97,-55,0,0,0.465305,0,1493602048
-95,-56,0,0,0.462597,0,1493602048
-92,-58,0,0,0.463212,0,1493602048
-89,-59,0,0,0.456607,0,1493602048
-87,-60,0,0,0.455322,0,1493602048
-87,-60,0,0,0.455322,0,1493602048
-84,-62,0,0,0.458351,0,1493602048
-82,-63,0,0,0.458025,0,1493602048
-79,-64,0,0,0.453742,0,1493602048
-79,-64,0,0,0.453742,0,1493602048
-76,-65,0,0,0.450087,0,1493602048
-73,-67,0,0,0.456294,0,1493602048
-70,-68,0,0,0.454032,0,1493602048
-69,-69,0,0,0.459775,0,1493602048
-67,-70,0,0,0.46205,0,1493602048
-63,-72,0,0,0.467666,0,1493602048
-60,-74,0,0,0.477934,0,1493602048
-60,-74,0,0,0.477934,0,1493602048
-57,-76,0,0,0.489246,0,1493602048
-54,-77,0,0,0.490838,0,1493602048
-50,-79,0,0,0.50122,0,1493602048
-47,-81,0,0,0.515548,0,1493602048
-43,-82,0,0,0.517102,0,1493602048
-39,-84,0,0,0.53126,0,1493602048
-35,-86,0,0,0.546841,0,1493602048
-35,-86,0,0,0.546841,0,1493602048
-31,-87,0,0,0.551694,0,1493602048
-27,-89,0,0,0.569845,0,1493602049
-23,-91,0,0,0.589419,0,1493602049
-19,-92,0,0,0.597571,0,1493602049
-15,-92,0,0,0.593881,0,1493602049
-11,-93,0,0,0.603907,0,1493602049
-7,-94,0,0,0.61494,0,1493602049
-7,-94,0,0,0.61494,0,1493602049
-3,-95,0,0,0.62698,0,1493602049
1,-95,0,0,0.626763,0,1493602049
5,-96,0,0,0.640678,0,1493602049
5,-96,0,0,0.640678,0,1493602049
9,-97,0,0,0.6556,0,1493602049
13,-98,0,0,0.671529,0,1493602049
13,-98,0,0,0.671529,0,1493602049
16,-98,0,0,0.673889,0,1493602049
20,-99,0,0,0.691476,0,1493602049
24,-99,0,0,0.69625,0,1493602049
27,-99,0,0,0.7004,0,1493602049
30,-99,0,0,0.705039,0,1493602049
30,-99,0,0,0.705039,0,1493602049
34,-99,0,0,0.711984,0,1493602049
37,-99,0,0,0.717762,0,1493602049
41,-99,0,0,0.726225,0,1493602049
44,-99,0,0,0.733142,0,1493602049
44,-99,0,0,0.733142,0,1493602049
48,-100,0,0,0.756944,0,1493602049
51,-100,0,0,0.765001,0,1493602049
55,-100,0,0,0.776503,0,1493602049
58,-100,0,0,0.785699,0,1493602049
58,-100,0,0,0.785699,0,1493602049
62,-101,0,0,0.812678,0,1493602049
65,-101,0,0,0.823013,0,1493602049
68,-101,0,0,0.833837,0,1493602049
72,-101,0,0,0.849028,0,1493602049
75,-101,0,0,0.860991,0,1493602049
79,-100,0,0,0.863742,0,1493602049
79,-100,0,0,0.863742,0,1493602049
83,-99,0,0,0.867501,0,1493602049
86,-98,0,0,0.867574,0,1493602050
90,-97,0,0,0.873129,0,1493602050
90,-97,0,0,0.873129,0,1493602050
93,-96,0,0,0.874619,0,1493602050
97,-94,0,0,0.868847,0,1493602050
100,-92,0,0,0.859045,0,1493602050
100,-92,0,0,0.859045,0,1493602050
104,-90,0,0,0.855903,0,1493602050
107,-88,0,0,0.848352,0,1493602050
110,-86,0,0,0.841845,0,1493602050
110,-86,0,0,0.841845,0,1493602050
113,-83,0,0,0.824784,0,1493602050
116,-81,0,0,0.820642,0,1493602050
116,-81,0,0,0.820642,0,1493602050
118,-79,0,0,0.811115,0,1493602050
121,-76,0,0,0.798274,0,1493602050
123,-73,0,0,0.78047,0,1493602050
123,-73,0,0,0.78047,0,1493602050
124,-71,0,0,0.76717,0,1493602050
126,-68,0,0,0.751775,0,1493602050
127,-66,0,0,0.740027,0,1493602050
127,-66,0,0,0.740027,0,1493602050
128,-64,0,0,0.728889,0,1493602050
129,-62,0,0,0.71836,0,1493602050
130,-59,0,0,0.700178,0,1493602050
130,-57,0,0,0.684067,0,1493602050
130,-55,0,0,0.668511,0,1493602050
131,-53,0,0,0.660591,0,1493602050
131,-52,0,0,0.6533,0,1493602050
131,-52,0,0,0.6533,0,1493602050
131,-50,0,0,0.639133,0,1493602050
131,-48,0,0,0.625522,0,1493602050
131,-47,0,0,0.618925,0,1493602050
132,-45,0,0,0.613281,0,1493602050
131,-43,0,0,0.593925,0,1493602050
131,-43,0,0,0.593925,0,1493602050
131,-41,0,0,0.582258,0,1493602050
131,-40,0,0,0.576633,0,1493602050
131,-38,0,0,0.5658,0,1493602051
131,-36,0,0,0.555522,0,1493602051
131,-36,0,0,0.555522,0,1493602051
131,-34,0,0,0.5458,0,1493602051
131,-32,0,0,0.536633,0,1493602051
131,-32,0,0,0.536633,0,1493602051
131,-30,0,0,0.528022,0,1493602051
132,-28,0,0,0.527101,0,1493602051
131,-26,0,0,0.512466,0,1493602051
131,-25,0,0,0.508925,0,1493602051
131,-23,0,0,0.502258,0,1493602051
131,-23,0,0,0.502258,0,1493602051
132,-21,0,0,0.503281,0,1493602051
132,-19,0,0,0.497726,0,1493602051
132,-17,0,0,0.492726,0,1493602051
132,-17,0,0,0.492726,0,1493602051
132,-15,0,0,0.488281,0,1493602051
133,-14,0,0,0.493456,0,1493602051
133,-12,0,0,0.489845,0,1493602051
133,-12,0,0,0.489845,0,1493602051
133,-11,0,0,0.488248,0,1493602051
134,-9,0,0,0.492713,0,1493602051
134,-8,0,0,0.491532,0,1493602051
134,-8,0,0,0.491532,0,1493602051
134,-7,0,0,0.49049,0,1493602051
135,-5,0,0,0.496121,0,1493602051
135,-4,0,0,0.495496,0,1493602051
135,-4,0,0,0.495496,0,1493602051
135,-3,0,0,0.49501,0,1493602051
136,-2,0,0,0.502014,0,1493602051
136,-1,0,0,0.501806,0,1493602051
136,-1,0,0,0.501806,0,1493602051
136,1,0,0,0.501806,0,1493602051
137,2,0,0,0.50942,0,1493602051
137,2,0,0,0.50942,0,1493602051
137,3,0,0,0.509767,0,1493602051
138,4,0,0,0.517713,0,1493602051
138,5,0,0,0.518338,0,1493602051
138,5,0,0,0.518338,0,1493602051
138,6,0,0,0.519102,0,1493602052
138,7,0,0,0.520004,0,1493602052
138,8,0,0,0.521046,0,1493602052
138,9,0,0,0.522227,0,1493602052
139,10,0,0,0.53106,0,1493602052
139,10,0,0,0.53106,0,1493602052
139,11,0,0,0.532518,0,1493602052
139,11,0,0,0.532518,0,1493602052
140,12,0,0,0.541684,0,1493602052
140,12,0,0,0.541684,0,1493602052
140,13,0,0,0.54342,0,1493602052
140,14,0,0,0.545295,0,1493602052
141,14,0,0,0.552918,0,1493602052
141,15,0,0,0.554932,0,1493602052
141,15,0,0,0.554932,0,1493602052
142,16,0,0,0.564761,0,1493602052
142,16,0,0,0.564761,0,1493602052
142,16,0,0,0.564761,0,1493602052
143,17,0,0,0.574784,0,1493602052
143,17,0,0,0.574784,0,1493602052
143,18,0,0,0.577215,0,1493602052
143,18,0,0,0.577215,0,1493602052
144,18,0,0,0.585,0,1493602052
144,19,0,0,0.587569,0,1493602052
145,19,0,0,0.595409,0,1493602052
145,19,0,0,0.595409,0,1493602052
145,19,0,0,0.595409,0,1493602052
145,20,0,0,0.598117,0,1493602052
145,20,0,0,0.598117,0,1493602052
145,20,0,0,0.598117,0,1493602052
146,21,0,0,0.608859,0,1493602052
146,21,0,0,0.608859,0,1493602052
146,21,0,0,0.608859,0,1493602052
146,21,0,0,0.608859,0,1493602052
147,22,0,0,0.619793,0,1493602052
147,22,0,0,0.619793,0,1493602052
148,22,0,0,0.627795,0,1493602052
148,22,0,0,0.627795,0,1493602053
148,22,0,0,0.627795,0,1493602053
149,22,0,0,0.635852,0,1493602053
150,22,0,0,0.643963,0,1493602053
149,22,0,0,0.635852,0,1493602053
150,22,0,0,0.643963,0,1493602053
151,22,0,0,0.652128,0,1493602053
152,22,0,0,0.660347,0,1493602053
152,22,0,0,0.660347,0,1493602053
152,22,0,0,0.660347,0,1493602053
153,22,0,0,0.668621,0,1493602053
154,22,0,0,0.676949,0,1493602053
155,22,0,0,0.685331,0,1493602053
157,22,0,0,0.702258,0,1493602053
157,22,0,0,0.702258,0,1493602053
158,21,0,0,0.707817,0,1493602053
159,21,0,0,0.716416,0,1493602053
161,21,0,0,0.733777,0,1493602053
161,21,0,0,0.733777,0,1493602053
162,21,0,0,0.742539,0,1493602053
163,20,0,0,0.748508,0,1493602053
165,20,0,0,0.766303,0,1493602053
165,20,0,0,0.766303,0,1493602053
167,20,0,0,0.784315,0,1493602053
170,21,0,0,0.814588,0,1493602053
170,21,0,0,0.814588,0,1493602053
173,21,0,0,0.842501,0,1493602053
176,20,0,0,0.868056,0,1493602053
180,20,0,0,0.906684,0,1493602053
184,19,0,0,0.943472,0,1493602053
188,19,0,0,0.983837,0,1493602053
188,19,0,0,0.983837,0,1493602053
192,19,0,-0.3,1.02507,0,1493602053
195,19,0,-0.3,1.05656,0,1493602053
199,19,0,-0.3,1.09932,0,1493602053
202,19,0,-0.3,1.13195,0,1493602053
205,19,0,-0.3,1.16507,0,1493602053
205,19,0,-0.3,1.16507,0,1493602053
208,19,0,-0.3,1.19868,0,1493602054
211,19,0,-0.3,1.23278,0,1493602054
213,18,0,-0.3,1.25321,0,1493602054
213,18,0,-0.3,1.25321,0,1493602054
215,18,0,-0.3,1.27643,0,1493602054
218,17,0,-0.3,1.30924,0,1493602054
220,17,0,-0.3,1.333,0,1493602054
223,16,0,-0.3,1.36676,0,1493602054
225,16,0,-0.3,1.39107,0,1493602054
225,16,0,-0.3,1.39107,0,1493602054
227,15,0,-0.3,1.41344,0,1493602054
229,15,0,-0.3,1.43818,0,1493602054
231,14,0,-0.3,1.46112,0,1493602054
233,14,0,-0.3,1.48629,0,1493602054
234,14,0,-0.3,1.49896,0,1493602054
235,15,0,-0.3,1.5137,0,1493602054
236,14,0,-0.3,1.52446,0,1493602054
237,14,0,-0.3,1.53729,0,1493602054
238,14,0,-0.3,1.55018,0,1493602054
238,14,0,-0.3,1.55018,0,1493602054
238,14,0,-0.3,1.55018,0,1493602054
238,14,0,-0.3,1.55018,0,1493602054
238,14,0,-0.3,1.55018,0,1493602054
238,14,0,-0.3,1.55018,0,1493602054
237,14,0,-0.3,1.53729,0,1493602054
237,14,0,-0.3,1.53729,0,1493602054
237,15,0,-0.3,1.53931,0,1493602054
237,15,0,-0.3,1.53931,0,1493602054
237,15,0,-0.3,1.53931,0,1493602054
236,15,0,-0.3,1.52648,0,1493602054
235,15,0,-0.3,1.5137,0,1493602054
234,16,0,-0.3,1.50313,0,1493602054
234,16,0,-0.3,1.50313,0,1493602054
233,16,0,-0.3,1.49046,0,1493602054
232,16,0,-0.3,1.47785,0,1493602054
231,17,0,-0.3,1.46758,0,1493602054
229,17,0,-0.3,1.44262,0,1493602055
228,18,0,-0.3,1.43266,0,1493602055
228,18,0,-0.3,1.43266,0,1493602055
226,18,0,-0.3,1.40803,0,1493602055
225,19,0,-0.3,1.39836,0,1493602055
223,19,0,-0.3,1.37405,0,1493602055
223,19,0,-0.3,1.37405,0,1493602055
222,20,0,-0.3,1.36469,0,1493602055
220,20,0,-0.3,1.34071,0,1493602055
219,21,0,-0.3,1.33165,0,1493602055
219,21,0,-0.3,1.33165,0,1493602055
217,21,0,-0.3,1.308,0,1493602055
216,21,0,-0.3,1.29625,0,1493602055
214,21,0,-0.3,1.27292,0,1493602055
215,21,0,-0.3,1.28456,0,1493602055
213,22,0,-0.3,1.26432,0,1493602055
211,22,0,-0.3,1.24132,0,1493602055
210,22,0,-0.3,1.2299,0,1493602055
210,22,0,-0.3,1.2299,0,1493602055
208,22,0,-0.3,1.20722,0,1493602055
206,22,0,-0.3,1.18476,0,1493602055
204,22,0,-0.3,1.16252,0,1493602055
201,22,0,-0.3,1.12956,0,1493602055
201,22,0,-0.3,1.12956,0,1493602055
199,22,0,-0.3,1.10786,0,1493602055
196,22,0,-0.3,1.07571,0,1493602055
194,23,0,-0.3,1.05768,0,1493602055
194,23,0,-0.3,1.05768,0,1493602055
190,23,0,-0.3,1.01601,0,1493602055
188,23,0,0,0.995503,0,1493602055
184,23,0,0,0.955139,0,1493602055
181,23,0,0,0.925435,0,1493602055
181,24,0,0,0.928699,0,1493602055
177,24,0,0,0.889854,0,1493602055
171,25,0,0,0.836616,0,1493602055
170,25,0,0,0.827365,0,1493602055
168,26,0,0,0.812569,0,1493602055
165,26,0,0,0.78547,0,1493602055
165,26,0,0,0.78547,0,1493602055
163,26,0,0,0.767675,0,1493602056
161,26,0,0,0.750097,0,1493602056
159,27,0,0,0.736416,0,1493602056
156,29,0,0,0.718559,0,1493602056
156,29,0,0,0.718559,0,1493602056
153,30,0,0,0.69751,0,1493602056
150,32,0,0,0.681463,0,1493602056
147,33,0,0,0.661807,0,1493602056
147,33,0,0,0.661807,0,1493602056
144,34,0,0,0.642778,0,1493602056
141,35,0,0,0.624376,0,1493602056
137,36,0,0,0.599142,0,1493602056
134,37,0,0,0.582157,0,1493602056
134,37,0,0,0.582157,0,1493602056
130,38,0,0,0.55872,0,1493602056
127,38,0,0,0.537805,0,1493602056
124,39,0,0,0.522726,0,1493602056
121,40,0,0,0.508274,0,1493602056
119,41,0,0,0.500878,0,1493602056
116,42,0,0,0.487517,0,1493602056
116,41,0,0,0.481753,0,1493602056
113,43,0,0,0.474784,0,1493602056
111,43,0,0,0.462631,0,1493602056
109,44,0,0,0.456737,0,1493602056
107,45,0,0,0.451199,0,1493602056
107,45,0,0,0.451199,0,1493602056
105,46,0,0,0.446017,0,1493602056
103,47,0,0,0.44119,0,1493602056
101,48,0,0,0.43672,0,1493602056
99,48,0,0,0.425869,0,1493602056
99,49,0,0,0.432605,0,1493602056
97,49,0,0,0.421972,0,1493602056
96,50,0,0,0.423611,0,1493602056
94,50,0,0,0.413303,0,1493602056
93,51,0,0,0.415244,0,1493602056
92,51,0,0,0.410226,0,1493602056
92,51,0,0,0.410226,0,1493602056
91,51,0,0,0.405262,0,1493602057
89,52,0,0,0.402649,0,1493602057
88,52,0,0,0.397847,0,1493602057
88,52,0,0,0.397847,0,1493602057
87,52,0,0,0.3931,0,1493602057
86,53,0,0,0.395699,0,1493602057
85,53,0,0,0.39106,0,1493602057
85,53,0,0,0.39106,0,1493602057
84,54,0,0,0.393906,0,1493602057
83,54,0,0,0.389376,0,1493602057
82,55,0,0,0.39247,0,1493602057
81,55,0,0,0.388048,0,1493602057
81,55,0,0,0.388048,0,1493602057
80,55,0,0,0.383681,0,1493602057
79,56,0,0,0.387076,0,1493602057
78,56,0,0,0.382817,0,1493602057
78,57,0,0,0.390664,0,1493602057
77,57,0,0,0.386459,0,1493602057
77,57,0,0,0.386459,0,1493602057
76,58,0,0,0.390295,0,1493602057
74,58,0,0,0.382157,0,1493602057
74,59,0,0,0.390282,0,1493602057
74,59,0,0,0.390282,0,1493602057
73,59,0,0,0.386294,0,1493602057
72,60,0,0,0.390625,0,1493602057
71,60,0,0,0.386746,0,1493602057
71,60,0,0,0.386746,0,1493602057
70,61,0,0,0.391324,0,1493602057
69,61,0,0,0.387553,0,1493602057
69,62,0,0,0.396095,0,1493602057
68,62,0,0,0.392378,0,1493602057
67,63,0,0,0.397397,0,1493602057
66,63,0,0,0.393789,0,1493602057
66,63,0,0,0.393789,0,1493602057
65,64,0,0,0.399055,0,1493602057
65,64,0,0,0.399055,0,1493602057
64,64,0,0,0.395556,0,1493602057
64,65,0,0,0.404514,0,1493602058
63,65,0,0,0.401069,0,1493602058
62,66,0,0,0.406775,0,1493602058
62,66,0,0,0.406775,0,1493602058
62,66,0,0,0.406775,0,1493602058
61,66,0,0,0.403439,0,1493602058
60,67,0,0,0.409392,0,1493602058
60,67,0,0,0.409392,0,1493602058
59,67,0,0,0.406164,0,1493602058
58,67,0,0,0.40299,0,1493602058
57,67,0,0,0.399871,0,1493602058
57,67,0,0,0.399871,0,1493602058
56,68,0,0,0.406181,0,1493602058
55,68,0,0,0.403169,0,1493602058
54,68,0,0,0.400213,0,1493602058
53,67,0,0,0.387935,0,1493602058
53,67,0,0,0.387935,0,1493602058
52,67,0,0,0.385087,0,1493602058
51,67,0,0,0.382293,0,1493602058
51,67,0,0,0.382293,0,1493602058
50,67,0,0,0.379553,0,1493602058
50,68,0,0,0.388928,0,1493602058
49,67,0,0,0.376867,0,1493602058
49,67,0,0,0.376867,0,1493602058
48,67,0,0,0.374236,0,1493602058
47,67,0,0,0.371659,0,1493602058
46,67,0,0,0.369136,0,1493602058
46,67,0,0,0.369136,0,1493602058
45,67,0,0,0.366668,0,1493602058
44,67,0,0,0.364253,0,1493602058
43,67,0,0,0.361893,0,1493602058
43,67,0,0,0.361893,0,1493602058
41,67,0,0,0.357336,0,1493602058
40,67,0,0,0.355139,0,1493602058
39,67,0,0,0.352996,0,1493602058
39,67,0,0,0.352996,0,1493602058
38,66,0,0,0.341671,0,1493602058
37,66,0,0,0.339637,0,1493602058
35,66,0,0,0.33573,0,1493602058
35,66,0,0,0.33573,0,1493602058
34,67,0,0,0.343095,0,1493602059
33,67,0,0,0.341277,0,1493602059
32,67,0,0,0.339514,0,1493602059
32,67,0,0,0.339514,0,1493602059
31,67,0,0,0.337805,0,1493602059
30,67,0,0,0.33615,0,1493602059
28,67,0,0,0.333003,0,1493602059
28,66,0,0,0.323767,0,1493602059
27,66,0,0,0.322275,0,1493602059
26,66,0,0,0.320838,0,1493602059
25,66,0,0,0.319454,0,1493602059
25,66,0,0,0.319454,0,1493602059
23,66,0,0,0.31685,0,1493602059
22,65,0,0,0.306532,0,1493602059
21,65,0,0,0.305366,0,1493602059
20,65,0,0,0.304253,0,1493602059
20,65,0,0,0.304253,0,1493602059
19,65,0,0,0.303196,0,1493602059
18,65,0,0,0.302192,0,1493602059
17,65,0,0,0.301242,0,1493602059
17,65,0,0,0.301242,0,1493602059
16,65,0,0,0.300347,0,1493602059
15,65,0,0,0.299506,0,1493602059
13,65,0,0,0.297987,0,1493602059
14,65,0,0,0.29872,0,1493602059
12,65,0,0,0.297309,0,1493602059
11,65,0,0,0.296685,0,1493602059
10,65,0,0,0.296115,0,1493602059
10,65,0,0,0.296115,0,1493602059
9,65,0,0,0.2956,0,1493602059
7,65,0,0,0.294732,0,1493602059
6,65,0,0,0.294379,0,1493602059
6,65,0,0,0.294379,0,1493602059
4,66,0,0,0.302934,0,1493602059
3,66,0,0,0.302744,0,1493602059
2,66,0,0,0.302609,0,1493602059
2,66,0,0,0.302609,0,1493602059
0,66,0,0,0.3025,0,1493602059
-1,66,0,0,0.302527,0,1493602059
-1,66,0,0,0.302527,0,1493602059
-3,66,0,0,0.302744,0,1493602060
-4,66,0,0,0.302934,0,1493602060
-6,66,0,0,0.303477,0,1493602060
-6,66,0,0,0.303477,0,1493602060
-7,66,0,0,0.303829,0,1493602060
-9,67,0,0,0.313933,0,1493602060
-10,67,0,0,0.314449,0,1493602060
-10,67,0,0,0.314449,0,1493602060
-12,67,0,0,0.315642,0,1493602060
-14,68,0,0,0.326428,0,1493602060
-15,68,0,0,0.327215,0,1493602060
-17,68,0,0,0.328951,0,1493602060
-18,68,0,0,0.3299,0,1493602060
-18,68,0,0,0.3299,0,1493602060
-20,69,0,0,0.341476,0,1493602060
-21,69,0,0,0.342588,0,1493602060
-23,69,0,0,0.344975,0,1493602060
-23,69,0,0,0.344975,0,1493602060
-24,69,0,0,0.34625,0,1493602060
-25,68,0,0,0.338065,0,1493602060
-25,68,0,0,0.338065,0,1493602060
-27,68,0,0,0.340887,0,1493602060
-28,68,0,0,0.342378,0,1493602060
-29,68,0,0,0.343925,0,1493602060
-29,68,0,0,0.343925,0,1493602060
-31,68,0,0,0.34718,0,1493602060
-32,68,0,0,0.348889,0,1493602060
-34,68,0,0,0.35247,0,1493602060
-34,68,0,0,0.35247,0,1493602060
-35,68,0,0,0.354341,0,1493602060
-37,68,0,0,0.358248,0,1493602060
-38,68,0,0,0.360282,0,1493602060
-40,67,0,0,0.355139,0,1493602060
-42,67,0,0,0.359588,0,1493602060
-42,67,0,0,0.359588,0,1493602060
-43,67,0,0,0.361893,0,1493602060
-45,67,0,0,0.366668,0,1493602060
-46,66,0,0,0.3599,0,1493602060
-46,66,0,0,0.3599,0,1493602060
-48,66,0,0,0.365,0,1493602061
-49,66,0,0,0.367631,0,1493602061
-50,66,0,0,0.370317,0,1493602061
-50,66,0,0,0.370317,0,1493602061
-52,65,0,0,0.366753,0,1493602061
-53,65,0,0,0.369602,0,1493602061
-55,65,0,0,0.375461,0,1493602061
-56,65,0,0,0.378472,0,1493602061
-56,65,0,0,0.378472,0,1493602061
-57,65,0,0,0.381538,0,1493602061
-59,64,0,0,0.378873,0,1493602061
-59,64,0,0,0.378873,0,1493602061
-61,65,0,0,0.394341,0,1493602061
-62,65,0,0,0.397678,0,1493602061
-63,65,0,0,0.401069,0,1493602061
-63,65,0,0,0.401069,0,1493602061
-65,64,0,0,0.399055,0,1493602061
-66,64,0,0,0.402609,0,1493602061
-67,64,0,0,0.406216,0,1493602061
-67,64,0,0,0.406216,0,1493602061
-68,64,0,0,0.409878,0,1493602061
-69,63,0,0,0.404775,0,1493602061
-70,63,0,0,0.408546,0,1493602061
-71,63,0,0,0.412371,0,1493602061
-71,63,0,0,0.412371,0,1493602061
-72,63,0,0,0.41625,0,1493602061
-73,63,0,0,0.420183,0,1493602061
-74,63,0,0,0.424171,0,1493602061
-74,63,0,0,0.424171,0,1493602061
-75,63,0,0,0.428213,0,1493602061
-75,63,0,0,0.428213,0,1493602061
-76,63,0,0,0.432309,0,1493602061
-76,63,0,0,0.432309,0,1493602061
-77,63,0,0,0.436459,0,1493602061
-78,63,0,0,0.440664,0,1493602061
-79,62,0,0,0.436242,0,1493602061
-80,62,0,0,0.440556,0,1493602061
-80,61,0,0,0.432014,0,1493602061
-81,61,0,0,0.436381,0,1493602061
-81,61,0,0,0.436381,0,1493602062
-82,60,0,0,0.4324,0,1493602062
-83,60,0,0,0.436876,0,1493602062
-83,60,0,0,0.436876,0,1493602062
-83,60,0,0,0.436876,0,1493602062
-84,60,0,0,0.441406,0,1493602062
-84,60,0,0,0.441406,0,1493602062
-84,60,0,0,0.441406,0,1493602062
-85,59,0,0,0.437727,0,1493602062
-85,59,0,0,0.437727,0,1493602062
-85,59,0,0,0.437727,0,1493602062
-85,59,0,0,0.437727,0,1493602062
-85,58,0,0,0.429602,0,1493602062
-85,58,0,0,0.429602,0,1493602062
-85,57,0,0,0.421616,0,1493602062
-85,57,0,0,0.421616,0,1493602062
-85,57,0,0,0.421616,0,1493602062
-85,56,0,0,0.413768,0,1493602062
-84,56,0,0,0.409184,0,1493602062
-84,56,0,0,0.409184,0,1493602062
-84,55,0,0,0.401476,0,1493602062
-84,55,0,0,0.401476,0,1493602062
-84,55,0,0,0.401476,0,1493602062
-84,55,0,0,0.401476,0,1493602062
-84,54,0,0,0.393906,0,1493602062
-84,54,0,0,0.393906,0,1493602062
-83,54,0,0,0.389376,0,1493602062
-83,53,0,0,0.381946,0,1493602062
-83,53,0,0,0.381946,0,1493602062
-83,53,0,0,0.381946,0,1493602062
-83,53,0,0,0.381946,0,1493602062
-82,52,0,0,0.370178,0,1493602062
-82,52,0,0,0.370178,0,1493602062
-82,52,0,0,0.370178,0,1493602062
-82,51,0,0,0.363025,0,1493602062
-82,51,0,0,0.363025,0,1493602062
-82,51,0,0,0.363025,0,1493602062
-82,50,0,0,0.356011,0,1493602062
-82,50,0,0,0.356011,0,1493602063
-81,50,0,0,0.35159,0,1493602063
-81,49,0,0,0.344715,0,1493602063
-81,49,0,0,0.344715,0,1493602063
-81,49,0,0,0.344715,0,1493602063
-81,48,0,0,0.337979,0,1493602063
-81,47,0,0,0.331381,0,1493602063
-81,47,0,0,0.331381,0,1493602063
-80,47,0,0,0.327014,0,1493602063
-80,46,0,0,0.320556,0,1493602063
-80,45,0,0,0.314236,0,1493602063
-80,45,0,0,0.314236,0,1493602063
-80,44,0,0,0.308056,0,1493602063
-80,44,0,0,0.308056,0,1493602063
-79,43,0,0,0.297701,0,1493602063
-80,43,0,0,0.302014,0,1493602063
-79,42,0,0,0.291798,0,1493602063
-79,42,0,0,0.291798,0,1493602063
-79,42,0,0,0.291798,0,1493602063
-79,41,0,0,0.286034,0,1493602063
-79,41,0,0,0.286034,0,1493602063
-79,40,0,0,0.280409,0,1493602063
-79,40,0,0,0.280409,0,1493602063
-79,40,0,0,0.280409,0,1493602063
-79,39,0,0,0.274923,0,1493602063
-79,39,0,0,0.274923,0,1493602063
-79,39,0,0,0.274923,0,1493602063
-79,39,0,0,0.274923,0,1493602063
-79,38,0,0,0.269576,0,1493602063
-79,37,0,0,0.264367,0,1493602063
-79,37,0,0,0.264367,0,1493602063
-79,36,0,0,0.259298,0,1493602063
-79,36,0,0,0.259298,0,1493602063
-79,36,0,0,0.259298,0,1493602063
-79,35,0,0,0.254367,0,1493602063
-79,34,0,0,0.249576,0,1493602063
-79,34,0,0,0.249576,0,1493602063
-79,34,0,0,0.249576,0,1493602063
-79,33,0,0,0.244923,0,1493602063
-79,33,0,0,0.244923,0,1493602064
-79,33,0,0,0.244923,0,1493602064
-79,32,0,0,0.240409,0,1493602064
-79,32,0,0,0.240409,0,1493602064
-79,32,0,0,0.240409,0,1493602064
-79,31,0,0,0.236034,0,1493602064
-79,31,0,0,0.236034,0,1493602064
-80,31,0,0,0.240347,0,1493602064
-80,30,0,0,0.236111,0,1493602064
-81,30,0,0,0.240479,0,1493602064
-81,30,0,0,0.240479,0,1493602064
-81,30,0,0,0.240479,0,1493602064
-82,29,0,0,0.240803,0,1493602064
-82,29,0,0,0.240803,0,1493602064
-82,29,0,0,0.240803,0,1493602064
-83,28,0,0,0.241321,0,1493602064
-84,28,0,0,0.245851,0,1493602064
-85,27,0,0,0.246616,0,1493602064
-85,27,0,0,0.246616,0,1493602064
-86,27,0,0,0.251254,0,1493602064
-88,27,0,0,0.260694,0,1493602064
-89,26,0,0,0.261815,0,1493602064
-89,26,0,0,0.261815,0,1493602064
-91,26,0,0,0.271581,0,1493602064
-92,25,0,0,0.273003,0,1493602064
-94,25,0,0,0.283095,0,1493602064
-96,24,0,0,0.29,0,1493602064
-98,24,0,0,0.300525,0,1493602064
-100,23,0,0,0.308003,0,1493602064
-100,23,0,0,0.308003,0,1493602064
-102,22,0,0,0.315838,0,1493602064
-105,21,0,0,0.329697,0,1493602064
-107,21,0,0,0.341199,0,1493602064
-109,20,0,0,0.350071,0,1493602064
-109,20,0,0,0.350071,0,1493602064
-112,19,0,0,0.365347,0,1493602064
-114,19,0,0,0.377609,0,1493602064
-117,19,0,0,0.396407,0,1493602064
-117,19,0,0,0.396407,0,1493602065
-120,18,0,0,0.413125,0,1493602065
-122,18,0,0,0.426254,0,1493602065
-125,17,0,0,0.443925,0,1493602065
-125,17,0,0,0.443925,0,1493602065
-127,17,0,0,0.457597,0,1493602065
-130,17,0,0,0.478511,0,1493602065
-133,16,0,0,0.497623,0,1493602065
-133,16,0,0,0.497623,0,1493602065
-135,16,0,0,0.512163,0,1493602065
-138,16,0,0,0.534379,0,1493602065
-141,16,0,0,0.557084,0,1493602065
-143,16,0,0,0.572492,0,1493602065
-146,16,0,0,0.596011,0,1493602065
-148,16,0,0,0.611962,0,1493602065
-148,16,0,0,0.611962,0,1493602065
-151,16,0,0,0.636294,0,1493602065
-153,16,0,0,0.652788,0,1493602065
-156,16,0,0,0.677934,0,1493602065
-156,15,0,0,0.675781,0,1493602065
-158,15,0,0,0.692817,0,1493602065
-160,14,0,0,0.708056,0,1493602065
-162,14,0,0,0.725525,0,1493602065
-162,14,0,0,0.725525,0,1493602065
-163,13,0,0,0.732466,0,1493602065
-165,13,0,0,0.750261,0,1493602065
-167,14,0,0,0.770149,0,1493602065
-167,14,0,0,0.770149,0,1493602065
-169,14,0,0,0.788378,0,1493602065
-172,15,0,0,0.818142,0,1493602065
-175,15,0,0,0.846381,0,1493602065
-177,15,0,0,0.865479,0,1493602065
-181,16,0,0,0.906477,0,1493602065
-185,16,0,0,0.94619,0,1493602065
-185,16,0,0,0.94619,0,1493602065
-188,16,0,0,0.976545,0,1493602065
-191,16,0,0.3,1.00739,0,1493602065
-191,16,0,0.3,1.00739,0,1493602066
-194,17,0,0.3,1.04101,0,1493602066
-197,17,0,0.3,1.07283,0,1493602066
-200,18,0,0.3,1.10757,0,1493602066
-202,18,0,0.3,1.12938,0,1493602066
-204,18,0,0.3,1.15141,0,1493602066
-205,18,0,0.3,1.1625,0,1493602066
-207,18,0,0.3,1.18485,0,1493602066
-209,18,0,0.3,1.20742,0,1493602066
-210,18,0,0.3,1.21879,0,1493602066
-210,18,0,0.3,1.21879,0,1493602066
-212,18,0,0.3,1.24168,0,1493602066
-213,17,0,0.3,1.25078,0,1493602066
-214,17,0,0.3,1.26237,0,1493602066
-214,17,0,0.3,1.26237,0,1493602066
-216,17,0,0.3,1.28569,0,1493602066
-217,16,0,0.3,1.29515,0,1493602066
-218,16,0,0.3,1.30695,0,1493602066
-218,16,0,0.3,1.30695,0,1493602066
-219,16,0,0.3,1.3188,0,1493602066
-219,16,0,0.3,1.3188,0,1493602066
-220,16,0,0.3,1.33071,0,1493602066
-220,16,0,0.3,1.33071,0,1493602066
-220,16,0,0.3,1.33071,0,1493602066
-220,15,0,0.3,1.32856,0,1493602066
-220,15,0,0.3,1.32856,0,1493602066
-220,15,0,0.3,1.32856,0,1493602066
-220,15,0,0.3,1.32856,0,1493602066
-220,15,0,0.3,1.32856,0,1493602066
-219,15,0,0.3,1.31665,0,1493602066
-219,16,0,0.3,1.3188,0,1493602066
-219,16,0,0.3,1.3188,0,1493602066
-218,16,0,0.3,1.30695,0,1493602066
-218,16,0,0.3,1.30695,0,1493602066
-217,17,0,0.3,1.29744,0,1493602066
-217,17,0,0.3,1.29744,0,1493602066
-216,17,0,0.3,1.28569,0,1493602066
-216,18,0,0.3,1.28813,0,1493602066
-215,18,0,0.3,1.27643,0,1493602066
-214,19,0,0.3,1.26737,0,1493602067
-213,19,0,0.3,1.25578,0,1493602067
-213,19,0,0.3,1.25578,0,1493602067
-211,19,0,0.3,1.23278,0,1493602067
-210,20,0,0.3,1.22407,0,1493602067
-209,21,0,0.3,1.21555,0,1493602067
-209,21,0,0.3,1.21555,0,1493602067
-207,22,0,0.3,1.19596,0,1493602067
-205,22,0,0.3,1.17361,0,1493602067
-203,22,0,0.3,1.15148,0,1493602067
-201,22,0,0.3,1.12956,0,1493602067
-201,22,0,0.3,1.12956,0,1493602067
-199,23,0,0.3,1.11098,0,1493602067
-196,23,0,0.3,1.07884,0,1493602067
-193,24,0,0.3,1.05044,0,1493602067
-191,24,0,0.3,1.02961,0,1493602067
-191,24,0,0.3,1.02961,0,1493602067
-188,24,0,0,0.998767,0,1493602067
-185,24,0,0,0.968413,0,1493602067
-181,25,0,0,0.932102,0,1493602067
-181,25,0,0,0.932102,0,1493602067
-178,24,0,0,0.899484,0,1493602067
-174,25,0,0,0.864692,0,1493602067
-171,25,0,0,0.836616,0,1493602067
-168,26,0,0,0.812569,0,1493602067
-165,26,0,0,0.78547,0,1493602067
-165,26,0,0,0.78547,0,1493602067
-163,26,0,0,0.767675,0,1493602067
-160,27,0,0,0.745069,0,1493602067
-158,28,0,0,0.731636,0,1493602067
-156,29,0,0,0.718559,0,1493602067
-153,30,0,0,0.69751,0,1493602067
-153,30,0,0,0.69751,0,1493602067
-151,31,0,0,0.685253,0,1493602067
-148,32,0,0,0.665295,0,1493602067
-145,33,0,0,0.645965,0,1493602067
-143,33,0,0,0.63034,0,1493602067
-143,33,0,0,0.63034,0,1493602067
-140,34,0,0,0.611962,0,1493602068
-137,34,0,0,0.589419,0,1493602068
-135,35,0,0,0.579454,0,1493602068
-135,34,0,0,0.574663,0,1493602068
-133,35,0,0,0.564914,0,1493602068
-132,35,0,0,0.557726,0,1493602068
-130,35,0,0,0.543511,0,1493602068
-130,35,0,0,0.543511,0,1493602068
-128,36,0,0,0.534444,0,1493602068
-127,36,0,0,0.527527,0,1493602068
-125,37,0,0,0.518925,0,1493602068
-123,37,0,0,0.50547,0,1493602068
-122,38,0,0,0.504032,0,1493602068
-121,38,0,0,0.49744,0,1493602068
-121,38,0,0,0.49744,0,1493602068
-120,39,0,0,0.49625,0,1493602068
-119,39,0,0,0.489767,0,1493602068
-117,39,0,0,0.476963,0,1493602068
-117,39,0,0,0.476963,0,1493602068
-116,40,0,0,0.476128,0,1493602068
-115,40,0,0,0.469862,0,1493602068
-114,41,0,0,0.469275,0,1493602068
-114,41,0,0,0.469275,0,1493602068
-113,41,0,0,0.463117,0,1493602068
-112,42,0,0,0.462778,0,1493602068
-111,42,0,0,0.456729,0,1493602068
-111,42,0,0,0.456729,0,1493602068
-111,42,0,0,0.456729,0,1493602068
-110,43,0,0,0.456636,0,1493602068
-110,43,0,0,0.456636,0,1493602068
-110,43,0,0,0.456636,0,1493602068
-109,43,0,0,0.450696,0,1493602068
-108,44,0,0,0.450851,0,1493602068
-108,44,0,0,0.450851,0,1493602068
-108,44,0,0,0.450851,0,1493602068
-108,44,0,0,0.450851,0,1493602068
-107,44,0,0,0.445018,0,1493602068
-107,44,0,0,0.445018,0,1493602068
-107,44,0,0,0.445018,0,1493602068
-106,45,0,0,0.445421,0,1493602069
-106,45,0,0,0.445421,0,1493602069
-106,45,0,0,0.445421,0,1493602069
-105,45,0,0,0.439697,0,1493602069
-105,45,0,0,0.439697,0,1493602069
-105,45,0,0,0.439697,0,1493602069
-104,46,0,0,0.440347,0,1493602069
-104,46,0,0,0.440347,0,1493602069
-104,46,0,0,0.440347,0,1493602069
-103,46,0,0,0.434732,0,1493602069
-103,47,0,0,0.44119,0,1493602069
-103,47,0,0,0.44119,0,1493602069
-103,47,0,0,0.44119,0,1493602069
-102,48,0,0,0.442227,0,1493602069
-102,48,0,0,0.442227,0,1493602069
-102,48,0,0,0.442227,0,1493602069
-101,48,0,0,0.43672,0,1493602069
-100,49,0,0,0.438003,0,1493602069
-100,49,0,0,0.438003,0,1493602069
-100,49,0,0,0.438003,0,1493602069
-100,49,0,0,0.438003,0,1493602069
-99,50,0,0,0.43948,0,1493602069
-99,51,0,0,0.446494,0,1493602069
-98,51,0,0,0.44115,0,1493602069
-98,51,0,0,0.44115,0,1493602069
-98,51,0,0,0.44115,0,1493602069
-97,52,0,0,0.443013,0,1493602069
-97,52,0,0,0.443013,0,1493602069
-97,52,0,0,0.443013,0,1493602069
-96,53,0,0,0.445069,0,1493602069
-96,53,0,0,0.445069,0,1493602069
-95,53,0,0,0.439888,0,1493602069
-95,53,0,0,0.439888,0,1493602069
-95,54,0,0,0.447319,0,1493602069
-95,54,0,0,0.447319,0,1493602069
-94,55,0,0,0.449761,0,1493602069
-94,55,0,0,0.449761,0,1493602069
-94,55,0,0,0.449761,0,1493602069
-93,56,0,0,0.452397,0,1493602069
-93,56,0,0,0.452397,0,1493602070
-93,56,0,0,0.452397,0,1493602070
-92,56,0,0,0.447378,0,1493602070
-92,57,0,0,0.455226,0,1493602070
-92,57,0,0,0.455226,0,1493602070
-92,57,0,0,0.455226,0,1493602070
-91,57,0,0,0.450262,0,1493602070
-91,58,0,0,0.458248,0,1493602070
-91,58,0,0,0.458248,0,1493602070
-90,58,0,0,0.453338,0,1493602070
-90,58,0,0,0.453338,0,1493602070
-90,58,0,0,0.453338,0,1493602070
-90,58,0,0,0.453338,0,1493602070
-89,59,0,0,0.456607,0,1493602070
-89,59,0,0,0.456607,0,1493602070
-89,59,0,0,0.456607,0,1493602070
-89,59,0,0,0.456607,0,1493602070
-88,60,0,0,0.460069,0,1493602070
-88,60,0,0,0.460069,0,1493602070
-88,60,0,0,0.460069,0,1493602070
-88,60,0,0,0.460069,0,1493602070
-87,61,0,0,0.463725,0,1493602070
-87,61,0,0,0.463725,0,1493602070
-87,61,0,0,0.463725,0,1493602070
-87,61,0,0,0.463725,0,1493602070
-86,61,0,0,0.459032,0,1493602070
-86,61,0,0,0.459032,0,1493602070
-86,62,0,0,0.467574,0,1493602070
-86,62,0,0,0.467574,0,1493602070
-86,62,0,0,0.467574,0,1493602070
-85,62,0,0,0.462935,0,1493602070
-86,62,0,0,0.467574,0,1493602070
-85,62,0,0,0.462935,0,1493602070
-85,63,0,0,0.471616,0,1493602070
-85,63,0,0,0.471616,0,1493602070
-85,63,0,0,0.471616,0,1493602070
-84,63,0,0,0.467031,0,1493602070
-83,63,0,0,0.462501,0,1493602071
-83,64,0,0,0.471321,0,1493602071
-82,64,0,0,0.466845,0,1493602071
-82,64,0,0,0.466845,0,1493602071
-82,64,0,0,0.466845,0,1493602071
-81,64,0,0,0.462423,0,1493602071
-81,64,0,0,0.462423,0,1493602071
-80,64,0,0,0.458056,0,1493602071
-80,64,0,0,0.458056,0,1493602071
-79,65,0,0,0.462701,0,1493602071
-78,65,0,0,0.458442,0,1493602071
-77,66,0,0,0.463334,0,1493602071
-76,66,0,0,0.459184,0,1493602071
-75,66,0,0,0.455088,0,1493602071
-75,66,0,0,0.455088,0,1493602071
-74,66,0,0,0.451046,0,1493602071
-73,66,0,0,0.447058,0,1493602071
-72,66,0,0,0.443125,0,1493602071
-71,66,0,0,0.439246,0,1493602071
-70,66,0,0,0.435421,0,1493602071
-70,66,0,0,0.435421,0,1493602071
-68,67,0,0,0.43717,0,1493602071
-67,67,0,0,0.433508,0,1493602071
-65,67,0,0,0.426347,0,1493602071
-64,68,0,0,0.432222,0,1493602071
-64,68,0,0,0.432222,0,1493602071
-62,68,0,0,0.425386,0,1493602071
-61,68,0,0,0.42205,0,1493602071
-59,68,0,0,0.415539,0,1493602071
-59,68,0,0,0.415539,0,1493602071
-57,67,0,0,0.399871,0,1493602071
-56,67,0,0,0.396806,0,1493602071
-56,67,0,0,0.396806,0,1493602071
-54,67,0,0,0.390838,0,1493602071
-53,67,0,0,0.387935,0,1493602071
-51,67,0,0,0.382293,0,1493602071
-51,67,0,0,0.382293,0,1493602071
-49,67,0,0,0.376867,0,1493602071
-47,66,0,0,0.362423,0,1493602071
-46,66,0,0,0.3599,0,1493602072
-46,66,0,0,0.3599,0,1493602072
-44,66,0,0,0.355017,0,1493602072
-42,66,0,0,0.350352,0,1493602072
-41,66,0,0,0.3481,0,1493602072
-39,65,0,0,0.334663,0,1493602072
-38,65,0,0,0.332574,0,1493602072
-38,65,0,0,0.332574,0,1493602072
-36,64,0,0,0.319601,0,1493602072
-34,64,0,0,0.315803,0,1493602072
-33,64,0,0,0.313985,0,1493602072
-33,64,0,0,0.313985,0,1493602072
-31,64,0,0,0.310513,0,1493602072
-29,64,0,0,0.307258,0,1493602072
-28,64,0,0,0.305712,0,1493602072
-26,64,0,0,0.302782,0,1493602072
-26,64,0,0,0.302782,0,1493602072
-25,64,0,0,0.301399,0,1493602072
-23,64,0,0,0.298794,0,1493602072
-21,64,0,0,0.296407,0,1493602072
-20,64,0,0,0.295295,0,1493602072
-20,64,0,0,0.295295,0,1493602072
-18,64,0,0,0.293234,0,1493602072
-17,64,0,0,0.292284,0,1493602072
-15,64,0,0,0.290548,0,1493602072
-15,64,0,0,0.290548,0,1493602072
-13,64,0,0,0.289029,0,1493602072
-12,64,0,0,0.288351,0,1493602072
-10,64,0,0,0.287157,0,1493602072
-10,64,0,0,0.287157,0,1493602072
-9,64,0,0,0.286642,0,1493602072
-7,64,0,0,0.285774,0,1493602072
-5,64,0,0,0.285123,0,1493602072
-5,64,0,0,0.285123,0,1493602072
-4,64,0,0,0.284878,0,1493602072
-2,64,0,0,0.284553,0,1493602072
0,64,0,0,0.284444,0,1493602072
1,64,0,0,0.284472,0,1493602072
1,64,0,0,0.284472,0,1493602073
3,64,0,0,0.284689,0,1493602073
5,64,0,0,0.285123,0,1493602073
7,64,0,0,0.285774,0,1493602073
8,64,0,0,0.286181,0,1493602073
10,64,0,0,0.287157,0,1493602073
12,64,0,0,0.288351,0,1493602073
12,64,0,0,0.288351,0,1493602073
14,64,0,0,0.289761,0,1493602073
17,64,0,0,0.292284,0,1493602073
19,64,0,0,0.294237,0,1493602073
21,64,0,0,0.296407,0,1493602073
22,64,0,0,0.297574,0,1493602073
22,64,0,0,0.297574,0,1493602073
24,64,0,0,0.300069,0,1493602073
25,64,0,0,0.301399,0,1493602073
25,64,0,0,0.301399,0,1493602073
27,64,0,0,0.30422,0,1493602073
29,64,0,0,0.307258,0,1493602073
30,64,0,0,0.308859,0,1493602073
30,64,0,0,0.308859,0,1493602073
32,64,0,0,0.312222,0,1493602073
34,64,0,0,0.315803,0,1493602073
36,63,0,0,0.310781,0,1493602073
36,63,0,0,0.310781,0,1493602073
37,63,0,0,0.312762,0,1493602073
39,63,0,0,0.316885,0,1493602073
40,63,0,0,0.319028,0,1493602073
42,63,0,0,0.323477,0,1493602073
44,62,0,0,0.319462,0,1493602073
44,62,0,0,0.319462,0,1493602073
45,62,0,0,0.321876,0,1493602073
46,62,0,0,0.324345,0,1493602073
48,61,0,0,0.320903,0,1493602073
49,61,0,0,0.323534,0,1493602073
49,61,0,0,0.323534,0,1493602073
51,61,0,0,0.328959,0,1493602074
52,60,0,0,0.323351,0,1493602074
54,60,0,0,0.329102,0,1493602074
54,60,0,0,0.329102,0,1493602074
55,60,0,0,0.332058,0,1493602074
56,60,0,0,0.335069,0,1493602074
58,60,0,0,0.341254,0,1493602074
59,60,0,0,0.344428,0,1493602074
60,60,0,0,0.347656,0,1493602074
61,60,0,0,0.350939,0,1493602074
61,60,0,0,0.350939,0,1493602074
62,59,0,0,0.346011,0,1493602074
63,59,0,0,0.349402,0,1493602074
64,59,0,0,0.352847,0,1493602074
64,59,0,0,0.352847,0,1493602074
65,58,0,0,0.348222,0,1493602074
66,58,0,0,0.351775,0,1493602074
67,58,0,0,0.355383,0,1493602074
67,58,0,0,0.355383,0,1493602074
68,58,0,0,0.359045,0,1493602074
69,58,0,0,0.362761,0,1493602074
69,58,0,0,0.362761,0,1493602074
69,58,0,0,0.362761,0,1493602074
70,58,0,0,0.366532,0,1493602074
71,58,0,0,0.370357,0,1493602074
72,58,0,0,0.374236,0,1493602074
72,57,0,0,0.36625,0,1493602074
73,57,0,0,0.370183,0,1493602074
74,57,0,0,0.374171,0,1493602074
74,56,0,0,0.366324,0,1493602074
75,56,0,0,0.370366,0,1493602074
76,56,0,0,0.374462,0,1493602074
76,56,0,0,0.374462,0,1493602074
76,56,0,0,0.374462,0,1493602074
77,56,0,0,0.378612,0,1493602074
78,56,0,0,0.382817,0,1493602074
78,56,0,0,0.382817,0,1493602075
78,55,0,0,0.375109,0,1493602075
79,55,0,0,0.379367,0,1493602075
79,55,0,0,0.379367,0,1493602075
79,55,0,0,0.379367,0,1493602075
79,54,0,0,0.371798,0,1493602075
79,54,0,0,0.371798,0,1493602075
79,53,0,0,0.364367,0,1493602075
79,53,0,0,0.364367,0,1493602075
79,52,0,0,0.357076,0,1493602075
79,52,0,0,0.357076,0,1493602075
79,52,0,0,0.357076,0,1493602075
79,52,0,0,0.357076,0,1493602075
78,51,0,0,0.345664,0,1493602075
78,51,0,0,0.345664,0,1493602075
78,50,0,0,0.33865,0,1493602075
78,50,0,0,0.33865,0,1493602075
78,49,0,0,0.331775,0,1493602075
78,49,0,0,0.331775,0,1493602075
78,49,0,0,0.331775,0,1493602075
78,49,0,0,0.331775,0,1493602075
77,48,0,0,0.320834,0,1493602075
77,48,0,0,0.320834,0,1493602075
77,48,0,0,0.320834,0,1493602075
77,47,0,0,0.314237,0,1493602075
76,47,0,0,0.310087,0,1493602075
76,46,0,0,0.303628,0,1493602075
76,46,0,0,0.303628,0,1493602075
76,45,0,0,0.297309,0,1493602075
76,44,0,0,0.291128,0,1493602075
76,44,0,0,0.291128,0,1493602075
75,43,0,0,0.280991,0,1493602075
75,42,0,0,0.275088,0,1493602075
75,42,0,0,0.275088,0,1493602075
75,42,0,0,0.275088,0,1493602075
75,41,0,0,0.269324,0,1493602075
75,41,0,0,0.269324,0,1493602075
75,41,0,0,0.269324,0,1493602076
75,40,0,0,0.263699,0,1493602076
75,39,0,0,0.258213,0,1493602076
75,39,0,0,0.258213,0,1493602076
75,39,0,0,0.258213,0,1493602076
75,38,0,0,0.252866,0,1493602076
75,38,0,0,0.252866,0,1493602076
75,37,0,0,0.247657,0,1493602076
75,36,0,0,0.242588,0,1493602076
75,36,0,0,0.242588,0,1493602076
75,35,0,0,0.237657,0,1493602076
74,34,0,0,0.228824,0,1493602076
74,33,0,0,0.224171,0,1493602076
74,33,0,0,0.224171,0,1493602076
74,31,0,0,0.215282,0,1493602076
74,31,0,0,0.215282,0,1493602076
73,30,0,0,0.207058,0,1493602076
73,28,0,0,0.199003,0,1493602076
73,27,0,0,0.195183,0,1493602076
73,26,0,0,0.191503,0,1493602076
72,25,0,0,0.184028,0,1493602076
72,25,0,0,0.184028,0,1493602076
72,23,0,0,0.177361,0,1493602076
72,21,0,0,0.17125,0,1493602076
72,21,0,0,0.17125,0,1493602076
72,20,0,0,0.168403,0,1493602076
72,19,0,0,0.165694,0,1493602076
72,19,0,0,0.165694,0,1493602076
72,18,0,0,0.163125,0,1493602076
71,17,0,0,0.156815,0,1493602076
71,16,0,0,0.154524,0,1493602076
71,16,0,0,0.154524,0,1493602076
72,15,0,0,0.15625,0,1493602076
72,15,0,0,0.15625,0,1493602076
72,14,0,0,0.154236,0,1493602076
72,14,0,0,0.154236,0,1493602076
72,14,0,0,0.154236,0,1493602077
72,14,0,0,0.154236,0,1493602077
72,13,0,0,0.152361,0,1493602077
72,13,0,0,0.152361,0,1493602077
72,12,0,0,0.150625,0,1493602077
72,12,0,0,0.150625,0,1493602077
72,12,0,0,0.150625,0,1493602077
72,12,0,0,0.150625,0,1493602077
73,12,0,0,0.154558,0,1493602077
73,12,0,0,0.154558,0,1493602077
73,12,0,0,0.154558,0,1493602077
73,11,0,0,0.152961,0,1493602077
73,11,0,0,0.152961,0,1493602077
73,11,0,0,0.152961,0,1493602077
73,11,0,0,0.152961,0,1493602077
73,11,0,0,0.152961,0,1493602077
73,11,0,0,0.152961,0,1493602077
73,11,0,0,0.152961,0,1493602077
73,11,0,0,0.152961,0,1493602077
73,11,0,0,0.152961,0,1493602077
73,11,0,0,0.152961,0,1493602077
73,11,0,0,0.152961,0,1493602077
73,11,0,0,0.152961,0,1493602077
73,11,0,0,0.152961,0,1493602077
73,11,0,0,0.152961,0,1493602077
73,11,0,0,0.152961,0,1493602077
73,11,0,0,0.152961,0,1493602077
73,11,0,0,0.152961,0,1493602077
73,11,0,0,0.152961,0,1493602077
74,12,0,0,0.158546,0,1493602077
74,12,0,0,0.158546,0,1493602077
74,12,0,0,0.158546,0,1493602077
74,12,0,0,0.158546,0,1493602077
74,13,0,0,0.160282,0,1493602077
74,13,0,0,0.160282,0,1493602077
74,13,0,0,0.160282,0,1493602077
74,13,0,0,0.160282,0,1493602077
74,13,0,0,0.160282,0,1493602077
74,13,0,0,0.160282,0,1493602077
74,13,0,0,0.160282,0,1493602078
74,13,0,0,0.160282,0,1493602078
74,13,0,0,0.160282,0,1493602078
74,13,0,0,0.160282,0,1493602078
74,13,0,0,0.160282,0,1493602078
74,13,0,0,0.160282,0,1493602078
74,13,0,0,0.160282,0,1493602078
74,13,0,0,0.160282,0,1493602078
73,12,0,0,0.154558,0,1493602078
73,12,0,0,0.154558,0,1493602078
73,12,0,0,0.154558,0,1493602078
73,12,0,0,0.154558,0,1493602078
73,12,0,0,0.154558,0,1493602078
72,12,0,0,0.150625,0,1493602078
72,11,0,0,0.149028,0,1493602078
73,11,0,0,0.152961,0,1493602078
73,11,0,0,0.152961,0,1493602078
73,11,0,0,0.152961,0,1493602078
72,11,0,0,0.149028,0,1493602078
71,11,0,0,0.145149,0,1493602078
73,10,0,0,0.151503,0,1493602078
73,10,0,0,0.151503,0,1493602078
72,9,0,0,0.14625,0,1493602078
73,9,0,0,0.150183,0,1493602078
74,9,0,0,0.154171,0,1493602078
74,9,0,0,0.154171,0,1493602078
74,9,0,0,0.154171,0,1493602078
74,9,0,0,0.154171,0,1493602078
73,9,0,0,0.150183,0,1493602078
73,8,0,0,0.149003,0,1493602078
73,8,0,0,0.149003,0,1493602078
75,8,0,0,0.157032,0,1493602078
78,7,0,0,0.168442,0,1493602078
78,7,0,0,0.168442,0,1493602078
81,7,0,0,0.181381,0,1493602078
83,6,0,0,0.189376,0,1493602078
82,6,0,0,0.1849,0,1493602078
79,5,0,0,0.171034,0,1493602078
79,5,0,0,0.171034,0,1493602078
78,4,0,0,0.16615,0,1493602079
75,3,0,0,0.153213,0,1493602079
75,3,0,0,0.153213,0,1493602079
74,2,0,0,0.148824,0,1493602079
72,1,0,0,0.140694,0,1493602079
71,0,0,0,0.136746,0,1493602079
73,-1,0,0,0.144628,0,1493602079
75,-1,0,0,0.152657,0,1493602079
78,-1,0,0,0.165109,0,1493602079
81,-1,0,0,0.178048,0,1493602079
83,-1,0,0,0.186946,0,1493602079
85,-1,0,0,0.19606,0,1493602079
85,-1,0,0,0.19606,0,1493602079
85,-1,0,0,0.19606,0,1493602079
84,-2,0,0,0.191684,0,1493602079
82,-2,0,0,0.182678,0,1493602079
80,-1,0,0,0.173681,0,1493602079
80,-1,0,0,0.173681,0,1493602079
77,-2,0,0,0.161112,0,1493602079
75,-2,0,0,0.152866,0,1493602079
74,-3,0,0,0.149171,0,1493602079
74,-3,0,0,0.149171,0,1493602079
72,-4,0,0,0.141736,0,1493602079
72,-6,0,0,0.143125,0,1493602079
76,-5,0,0,0.15842,0,1493602079
76,-5,0,0,0.15842,0,1493602079
87,0,0,0,0.205322,0,1493602079
104,9,0,0,0.299028,0,1493602079
120,23,0,0,0.427361,0,1493602079
133,39,0,0,0.58547,0,1493602079
134,39,0,0,0.592713,0,1493602079
134,39,0,0,0.592713,0,1493602079
136,39,0,0,0.607361,0,1493602079
136,39,0,0,0.607361,0,1493602080
138,39,0,0,0.622227,0,1493602080
139,39,0,0,0.629741,0,1493602080
136,38,0,0,0.602014,0,1493602080
133,37,0,0,0.574914,0,1493602080
126,36,0,0,0.520664,0,1493602080
119,35,0,0,0.469211,0,1493602080
111,34,0,0,0.414506,0,1493602080
104,32,0,0,0.364514,0,1493602080
95,28,0,0,0.299263,0,1493602080
84,24,0,0,0.231406,0,1493602080
84,24,0,0,0.231406,0,1493602080
71,19,0,0,0.161815,0,1493602080
58,13,0,0,0.10299,0,1493602080
58,13,0,0,0.10299,0,1493602080
56,12,0,0,0.0950694,0,1493602080
55,12,0,0,0.0920584,0,1493602080
58,12,0,0,0.101254,0,1493602080
58,12,0,0,0.101254,0,1493602080
75,17,0,0,0.172657,0,1493602080
98,31,0,0,0.327261,0,1493602080
109,44,0,0,0.456737,0,1493602080
110,43,0,0,0.456636,0,1493602080
110,44,0,0,0.462678,0,1493602080
102,33,0,0,0.357852,0,1493602080
88,18,0,0,0.232569,0,1493602080
77,7,0,0,0.164237,0,1493602080
72,0,0,0,0.140625,0,1493602080
72,-1,0,0,0.140694,0,1493602080
67,-9,0,0,0.127397,0,1493602080
65,-16,0,0,0.132388,0,1493602080
63,-25,0,0,0.151069,0,1493602080
63,-25,0,0,0.151069,0,1493602080
61,-32,0,0,0.17205,0,1493602080
58,-39,0,0,0.196879,0,1493602080
63,-44,0,0,0.24211,0,1493602080
75,-43,0,0,0.280991,0,1493602080
75,-43,0,0,0.280991,0,1493602080
97,-34,0,0,0.335513,0,1493602081
121,-13,0,0,0.408899,0,1493602081
136,10,0,0,0.508681,0,1493602081
136,20,0,0,0.529514,0,1493602081
127,13,0,0,0.449263,0,1493602081
128,13,0,0,0.456181,0,1493602081
111,-5,0,0,0.335965,0,1493602081
93,-20,0,0,0.262397,0,1493602081
78,-33,0,0,0.240664,0,1493602081
77,-32,0,0,0.231946,0,1493602081
62,-47,0,0,0.257678,0,1493602081
46,-60,0,0,0.3074,0,1493602081
30,-72,0,0,0.384414,0,1493602081
30,-72,0,0,0.384414,0,1493602081
13,-84,0,0,0.494584,0,1493602081
-6,-99,0,0,0.681602,0,1493602081
-33,-124,0.3,0,1.09732,0,1493602081
-34,-124,0.3,0,1.09914,0,1493602081
-51,-139,0.3,0,1.41229,0,1493602081
-67,-148,0.3,0,1.64288,0,1493602081
-79,-175,0.3,0,2.29603,0,1493602081
-79,-175,0.3,0,2.29603,0,1493602081
-79,-175,0.3,0,2.29603,0,1493602081
-79,-175,0.3,0,2.29603,0,1493602081
-25,-131,0.3,0,1.20869,0,1493602081
-25,-131,0.3,0,1.20869,0,1493602081
-25,-131,0.3,0,1.20869,0,1493602081
-25,-131,0.3,0,1.20869,0,1493602081
-25,-131,0.3,0,1.20869,0,1493602081
-25,-131,0.3,0,1.20869,0,1493602081
-25,-131,0.3,0,1.20869,0,1493602081
-25,-131,0.3,0,1.20869,0,1493602081
