x_val,y_val,pitch,yaw,val,time-33,15,0,0,0.045166,1493580535
-33,15,0,0,0.045166,1493580535
-33,15,0,0,0.045166,1493580535
-33,15,0,0,0.045166,1493580535
-33,15,0,0,0.045166,1493580535
-33,15,0,0,0.045166,1493580535
-33,15,0,0,0.045166,1493580535
-33,15,0,0,0.045166,1493580535
-33,15,0,0,0.045166,1493580535
-33,15,0,0,0.045166,1493580535
-33,15,0,0,0.045166,1493580535
-33,15,0,0,0.045166,1493580535
-33,15,0,0,0.045166,1493580535
-33,15,0,0,0.045166,1493580535
-33,15,0,0,0.045166,1493580535
-33,15,0,0,0.045166,1493580535
-33,15,0,0,0.045166,1493580535
-33,15,0,0,0.045166,1493580535
-33,15,0,0,0.045166,1493580535
-33,15,0,0,0.045166,1493580535
-33,15,0,0,0.045166,1493580535
-32,15,0,0,0.0434028,1493580535
-32,15,0,0,0.0434028,1493580535
-32,15,0,0,0.0434028,1493580535
-32,15,0,0,0.0434028,1493580535
-31,15,0,0,0.0416938,1493580535
-31,15,0,0,0.0416938,1493580535
-31,15,0,0,0.0416938,1493580535
-31,15,0,0,0.0416938,1493580535
-31,15,0,0,0.0416938,1493580535
-31,15,0,0,0.0416938,1493580535
-31,15,0,0,0.0416938,1493580536
-32,15,0,0,0.0434028,1493580536
-32,15,0,0,0.0434028,1493580536
-32,15,0,0,0.0434028,1493580536
-32,15,0,0,0.0434028,1493580536
-31,15,0,0,0.0416938,1493580536
-32,15,0,0,0.0434028,1493580536
-32,15,0,0,0.0434028,1493580536
-32,15,0,0,0.0434028,1493580536
-32,15,0,0,0.0434028,1493580536
-32,15,0,0,0.0434028,1493580536
-33,15,0,0,0.045166,1493580536
-33,14,0,0,0.0431521,1493580536
-30,13,0,0,0.0361502,1493580536
-26,13,0,0,0.0300738,1493580536
-23,13,0,0,0.0260862,1493580536
-23,13,0,0,0.0260862,1493580536
-23,13,0,0,0.0260862,1493580536
-22,13,0,0,0.0248655,1493580536
-19,12,0,0,0.0197928,1493580536
-19,12,0,0,0.0197928,1493580536
-20,12,0,0,0.0208507,1493580536
-20,12,0,0,0.0208507,1493580536
-19,12,0,0,0.0197928,1493580536
-16,12,0,0,0.0169444,1493580536
-15,11,0,0,0.0145063,1493580536
-15,10,0,0,0.013048,1493580536
-15,8,0,0,0.010548,1493580536
-17,8,0,0,0.0122841,1493580536
-21,6,0,0,0.0144629,1493580536
-25,2,0,0,0.017232,1493580536
-27,0,0,0,0.0197754,1493580536
-26,-1,0,0,0.0184071,1493580536
-26,-1,0,0,0.0184071,1493580536
-26,-1,0,0,0.0184071,1493580536
-27,-1,0,0,0.0198448,1493580537
-29,-2,0,0,0.0230914,1493580537
-29,-2,0,0,0.0230914,1493580537
-33,-4,0,0,0.0306521,1493580537
-36,-4,0,0,0.0362674,1493580537
-41,-5,0,0,0.0473362,1493580537
-44,-4,0,0,0.0536285,1493580537
-46,-3,0,0,0.0580252,1493580537
-46,-4,0,0,0.0585113,1493580537
-46,-5,0,0,0.0591363,1493580537
-46,-5,0,0,0.0591363,1493580537
-46,-4,0,0,0.0585113,1493580537
-47,-4,0,0,0.0610341,1493580537
-50,-4,0,0,0.068928,1493580537
-53,-4,0,0,0.0773101,1493580537
-55,-5,0,0,0.0837945,1493580537
-55,-5,0,0,0.0837945,1493580537
-56,-5,0,0,0.0868056,1493580537
-56,-6,0,0,0.0875694,1493580537
-61,-7,0,0,0.104341,1493580537
-61,-8,0,0,0.105383,1493580537
-60,-8,0,0,0.102101,1493580537
-58,-8,0,0,0.0956988,1493580537
-57,-9,0,0,0.0937598,1493580537
-58,-9,0,0,0.0968793,1493580537
-58,-10,0,0,0.0981988,1493580537
-59,-10,0,0,0.101373,1493580537
-60,-11,0,0,0.106059,1493580537
-61,-12,0,0,0.110939,1493580537
-62,-13,0,0,0.116011,1493580537
-63,-14,0,0,0.121277,1493580538
-63,-15,0,0,0.123291,1493580538
-63,-15,0,0,0.123291,1493580538
-64,-15,0,0,0.126736,1493580538
-64,-14,0,0,0.124722,1493580538
-63,-14,0,0,0.121277,1493580538
-60,-13,0,0,0.109392,1493580538
-54,-14,0,0,0.0927127,1493580538
-50,-17,0,0,0.0878863,1493580538
-48,-20,0,0,0.0902778,1493580538
-46,-22,0,0,0.0910113,1493580538
-42,-22,0,0,0.0814627,1493580538
-41,-23,0,0,0.0823362,1493580538
-39,-24,0,0,0.0812598,1493580538
-33,-25,0,0,0.0729438,1493580538
-28,-27,0,0,0.0718924,1493580538
-28,-27,0,0,0.0718924,1493580538
-27,-27,0,0,0.0704004,1493580538
-27,-27,0,0,0.0704004,1493580538
-24,-27,0,0,0.06625,1493580538
-24,-25,0,0,0.0590278,1493580538
-23,-22,0,0,0.0479612,1493580538
-19,-21,0,0,0.0404178,1493580538
-22,-23,0,0,0.0498655,1493580538
-24,-24,0,0,0.055625,1493580538
-25,-23,0,0,0.0536903,1493580538
-23,-24,0,0,0.05435,1493580538
-19,-25,0,0,0.0531955,1493580538
-18,-25,0,0,0.0521918,1493580538
-19,-25,0,0,0.0531955,1493580538
-20,-25,0,0,0.0542535,1493580538
-22,-24,0,0,0.0531293,1493580539
-20,-22,0,0,0.0444618,1493580539
-19,-19,0,0,0.0348622,1493580539
-19,-18,0,0,0.0322928,1493580539
-21,-16,0,0,0.0297407,1493580539
-24,-12,0,0,0.025625,1493580539
-27,-6,0,0,0.0222754,1493580539
-28,-3,0,0,0.0218924,1493580539
-28,0,0,0,0.0212674,1493580539
-30,4,0,0,0.0255252,1493580539
-30,4,0,0,0.0255252,1493580539
-32,11,0,0,0.0361806,1493580539
-34,19,0,0,0.056428,1493580539
-36,36,0,0,0.125156,1493580539
-38,43,0,0,0.167574,1493580539
-38,43,0,0,0.167574,1493580539
-41,51,0,0,0.226225,1493580539
-45,58,0,0,0.288543,1493580539
-50,66,0,0,0.370317,1493580539
-54,72,0,0,0.439102,1493580539
-57,78,0,0,0.510635,1493580539
-60,83,0,0,0.576059,1493580539
-62,86,0,0,0.617886,1493580539
-63,89,0,0,0.657735,1493580539
-62,93,0,0,0.7049,1493580539
-68,102,0,0,0.847934,1493580539
-73,113,-0.2,0,1.03129,1493580539
-77,117,-0.2,0,1.11146,1493580539
-82,120,-0.2,0,1.1824,1493580539
-87,123,-0.2,0,1.25595,1493580539
-92,124,-0.2,0,1.29738,1493580539
-94,127,-0.2,0,1.35976,1493580540
-94,128,-0.2,0,1.37747,1493580540
-92,129,-0.2,0,1.38523,1493580540
-91,130,-0.2,0,1.39825,1493580540
-91,130,-0.2,0,1.39825,1493580540
-91,131,-0.2,0,1.41637,1493580540
-91,131,-0.2,0,1.41637,1493580540
-91,131,-0.2,0,1.41637,1493580540
-92,131,-0.2,0,1.42134,1493580540
-92,131,-0.2,0,1.42134,1493580540
-94,130,-0.2,0,1.4133,1493580540
-95,128,-0.2,0,1.3826,1493580540
-95,128,-0.2,0,1.3826,1493580540
-96,127,-0.2,0,1.37007,1493580540
-96,126,-0.2,0,1.3525,1493580540
-97,124,-0.2,0,1.32301,1493580540
-97,124,-0.2,0,1.32301,1493580540
-97,123,-0.2,0,1.30586,1493580540
-97,121,-0.2,0,1.27197,1493580540
-96,119,-0.2,0,1.2334,1493580540
-94,115,-0.2,0,1.15809,1493580540
-88,107,-0.2,0,1.00514,1493580540
-81,104,0,0,0.92909,1493580540
-81,100,0,0,0.872423,1493580540
-81,100,0,0,0.872423,1493580540
-80,96,0,0,0.813611,1493580540
-80,93,0,0,0.774236,1493580540
-79,90,0,0,0.731798,1493580540
-80,88,0,0,0.711389,1493580540
-82,88,0,0,0.720178,1493580540
-84,87,0,0,0.717031,1493580540
-87,87,0,0,0.730947,1493580540
-88,85,0,0,0.711806,1493580540
-89,83,0,0,0.693274,1493580540
-89,80,0,0,0.659315,1493580540
-90,78,0,0,0.642227,1493580541
-89,78,0,0,0.637371,1493580541
-89,76,0,0,0.615982,1493580541
-88,74,0,0,0.590347,1493580541
-88,73,0,0,0.580139,1493580541
-87,67,0,0,0.517058,1493580541
-87,67,0,0,0.517058,1493580541
-87,61,0,0,0.463725,1493580541
-86,61,0,0,0.459032,1493580541
-87,58,0,0,0.438933,1493580541
-87,55,0,0,0.415392,1493580541
-86,53,0,0,0.395699,1493580541
-86,50,0,0,0.37424,1493580541
-85,50,0,0,0.369602,1493580541
-85,49,0,0,0.362727,1493580541
-85,49,0,0,0.362727,1493580541
-85,49,0,0,0.362727,1493580541
-84,48,0,0,0.351406,1493580541
-84,47,0,0,0.344809,1493580541
-83,46,0,0,0.333821,1493580541
-82,45,0,0,0.323025,1493580541
-82,44,0,0,0.316845,1493580541
-82,42,0,0,0.3049,1493580541
-82,42,0,0,0.3049,1493580541
-82,41,0,0,0.299136,1493580541
-82,41,0,0,0.299136,1493580541
-82,40,0,0,0.293511,1493580541
-81,40,0,0,0.28909,1493580541
-82,40,0,0,0.293511,1493580541
-80,40,0,0,0.284722,1493580541
-77,39,0,0,0.266459,1493580541
-74,37,0,0,0.243615,1493580541
-71,32,0,0,0.207857,1493580542
-70,26,0,0,0.179865,1493580542
-70,26,0,0,0.179865,1493580542
-67,18,0,0,0.144272,1493580542
-60,-3,0,0,0.0982812,1493580542
-58,-13,0,0,0.10299,1493580542
-53,-25,0,0,0.119602,1493580542
-48,-37,0,0,0.157569,1493580542
-48,-37,0,0,0.157569,1493580542
-45,-48,0,0,0.214932,1493580542
-42,-59,0,0,0.289588,1493580542
-38,-69,0,0,0.369796,1493580542
-34,-77,0,0,0.443095,1493580542
-32,-83,0,0,0.506181,1493580542
-33,-87,0,0,0.555166,1493580542
-33,-87,0,0,0.555166,1493580542
-38,-90,0,0,0.601671,1493580542
-39,-93,0,0,0.641885,1493580542
-34,-106,0,0,0.811636,1493580542
-33,-112,0,0,0.900652,1493580542
-34,-116,0,0,0.965803,1493580542
-32,-121,0.2,0,1.04451,1493580542
-36,-123,0.2,0,1.08578,1493580542
-37,-126,0.2,0,1.13964,1493580542
-36,-130,0.2,0,1.20877,1493580542
-32,-135,0.2,0,1.2934,1493580542
-32,-138,0.2,0,1.35028,1493580542
-32,-139,0.2,0,1.36951,1493580542
-32,-141,0.2,0,1.4084,1493580542
-33,-141,0.2,0,1.41017,1493580542
-32,-143,0.2,0,1.44785,1493580542
-32,-144,0.2,0,1.46778,1493580542
-32,-144,0.2,0,1.46778,1493580542
-33,-142,0.2,0,1.42982,1493580543
-34,-140,0.2,0,1.39247,1493580543
-33,-138,0.2,0,1.35204,1493580543
-34,-136,0.2,0,1.3158,1493580543
-35,-134,0.2,0,1.28017,1493580543
-34,-132,0.2,0,1.24136,1493580543
-32,-127,0.2,0,1.14785,1493580543
-31,-125,0.2,0,1.11114,1493580543
-30,-122,0.2,0,1.05803,1493580543
-29,-121,0.2,0,1.03955,1493580543
-27,-119,0.2,0,1.00318,1493580543
-27,-117,0,0,0.9704,1493580543
-29,-114,0,0,0.925314,1493580543
-29,-112,0,0,0.893925,1493580543
-28,-110,0,0,0.861545,1493580543
-29,-108,0,0,0.832814,1493580543
-29,-106,0,0,0.803091,1493580543
-35,-102,0,0,0.75573,1493580543
-30,-100,0,0,0.718858,1493580543
-33,-92,0,0,0.617319,1493580543
-29,-93,0,0,0.623439,1493580543
-29,-91,0,0,0.597883,1493580543
-28,-90,0,0,0.583767,1493580543
-28,-90,0,0,0.583767,1493580543
-27,-87,0,0,0.5454,1493580543
-26,-84,0,0,0.508338,1493580543
-26,-81,0,0,0.473963,1493580543
-29,-76,0,0,0.423925,1493580543
-36,-69,0,0,0.365781,1493580543
-39,-59,0,0,0.282996,1493580544
-43,-49,0,0,0.216893,1493580544
-45,-40,0,0,0.166043,1493580544
-49,-31,0,0,0.131867,1493580544
-56,-12,0,0,0.0950694,1493580544
-60,-3,0,0,0.0982812,1493580544
-63,3,0,0,0.108291,1493580544
-65,10,0,0,0.121555,1493580544
-66,19,0,0,0.143234,1493580544
-66,27,0,0,0.168789,1493580544
-67,34,0,0,0.20205,1493580544
-68,42,0,0,0.247934,1493580544
-69,50,0,0,0.302761,1493580544
-70,60,0,0,0.382921,1493580544
-69,68,0,0,0.450262,1493580544
-67,74,0,0,0.50205,1493580544
-67,78,0,0,0.544272,1493580544
-69,89,0,0,0.67922,1493580544
-71,94,0,0,0.750357,1493580544
-73,99,0,0,0.825183,1493580544
-76,100,0,0,0.851128,1493580544
-78,101,0,0,0.873442,1493580544
-79,104,0,0,0.920409,1493580544
-79,104,0,0,0.920409,1493580544
-80,108,0,0,0.983611,1493580544
-83,113,-0.2,0,1.07361,1493580544
-87,117,-0.2,0,1.15595,1493580544
-94,121,-0.2,0,1.25643,1493580544
-94,124,-0.2,0,1.30747,1493580544
-94,126,-0.2,0,1.34219,1493580544
-92,127,-0.2,0,1.34967,1493580545
-87,128,-0.2,0,1.3431,1493580545
-85,128,-0.2,0,1.33377,1493580545
-84,129,-0.2,0,1.34703,1493580545
-84,130,-0.2,0,1.36502,1493580545
-84,130,-0.2,0,1.36502,1493580545
-84,130,-0.2,0,1.36502,1493580545
-84,130,-0.2,0,1.36502,1493580545
-84,129,-0.2,0,1.34703,1493580545
-85,128,-0.2,0,1.33377,1493580545
-87,127,-0.2,0,1.32539,1493580545
-94,126,-0.2,0,1.34219,1493580545
-98,123,-0.2,0,1.31115,1493580545
-100,120,-0.2,0,1.27127,1493580545
-101,116,-0.2,0,1.21116,1493580545
-101,116,-0.2,0,1.21116,1493580545
-99,113,-0.2,0,1.15261,1493580545
-90,109,-0.2,0,1.0448,1493580545
-78,106,0,0,0.945317,1493580545
-74,103,0,0,0.885282,1493580545
-74,100,0,0,0.84299,1493580545
-75,97,0,0,0.805991,1493580545
-75,94,0,0,0.766199,1493580545
-76,91,0,0,0.731753,1493580545
-76,91,0,0,0.731753,1493580545
-76,86,0,0,0.670295,1493580545
-77,82,0,0,0.627779,1493580545
-77,81,0,0,0.616459,1493580545
-78,81,0,0,0.620664,1493580545
-80,81,0,0,0.629236,1493580545
-80,81,0,0,0.629236,1493580545
-80,82,0,0,0.640556,1493580545
-83,85,0,0,0.688612,1493580546
-88,89,0,0,0.760139,1493580546
-93,96,0,0,0.874619,1493580546
-101,101,0,0,0.985123,1493580546
-111,107,0,0.2,1.1293,1493580546
-121,112,0,0.2,1.26827,1493580546
-120,116,0,0.2,1.32507,1493580546
-119,119,0,0.2,1.36754,1493580546
-120,123,-0.2,0,1.44125,1493580546
-120,126,-0.2,0,1.49312,1493580546
-120,126,-0.2,0,1.49312,1493580546
-122,128,-0.2,0,1.54153,1493580546
-121,128,-0.2,0,1.53494,1493580546
-120,128,-0.2,0,1.5284,1493580546
-118,127,-0.2,0,1.49778,1493580546
-115,127,-0.2,0,1.47882,1493580546
-110,128,-0.2,0,1.46601,1493580546
-110,128,-0.2,0,1.46601,1493580546
-106,127,-0.2,0,1.42487,1493580546
-101,126,-0.2,0,1.37922,1493580546
-90,125,-0.2,0,1.3048,1493580546
-83,126,-0.2,0,1.28938,1493580546
-82,125,-0.2,0,1.26747,1493580546
-85,124,-0.2,0,1.26377,1493580546
-72,121,-0.2,0,1.15736,1493580546
-54,115,0,0,0.997504,1493580546
-39,112,0,0,0.912371,1493580546
-30,109,0,0,0.849483,1493580546
-23,107,0,0,0.80942,1493580546
-23,107,0,0,0.80942,1493580546
-18,104,0,0,0.7599,1493580546
-16,102,0,0,0.729444,1493580546
-14,99,0,0,0.685942,1493580546
-12,99,0,0,0.684531,1493580546
-9,98,0,0,0.669142,1493580547
-6,98,0,0,0.667921,1493580547
-4,97,0,0,0.653837,1493580547
-2,97,0,0,0.653511,1493580547
-2,97,0,0,0.653511,1493580547
0,96,0,0,0.64,1493580547
1,96,0,0,0.640027,1493580547
2,97,0,0,0.653511,1493580547
3,97,0,0,0.653647,1493580547
4,96,0,0,0.640434,1493580547
6,96,0,0,0.640977,1493580547
9,95,0,0,0.628933,1493580547
12,95,0,0,0.630642,1493580547
16,95,0,0,0.633681,1493580547
16,95,0,0,0.633681,1493580547
20,95,0,0,0.637587,1493580547
26,95,0,0,0.645074,1493580547
31,96,0,0,0.666069,1493580547
36,97,0,0,0.688559,1493580547
41,99,0,0,0.726225,1493580547
46,101,0,0,0.765803,1493580547
46,101,0,0,0.765803,1493580547
52,103,0,0,0.810087,1493580547
52,103,0,0,0.810087,1493580547
39,127,-0.2,0,1.16133,1493580547
39,133,-0.2,0,1.26966,1493580547
40,133,-0.2,0,1.27181,1493580547
49,133,-0.2,0,1.29353,1493580547
58,135,-0.2,0,1.35688,1493580547
62,139,-0.2,0,1.44601,1493580547
62,139,-0.2,0,1.44601,1493580547
62,139,-0.2,0,1.44601,1493580547
28,170,-0.2,0,2.02821,1493580547
29,172,-0.2,0,2.07726,1493580547
33,171,-0.2,0,2.06017,1493580548
32,171,-0.2,0,2.0584,1493580548
32,171,-0.2,0,2.0584,1493580548
32,171,-0.2,0,2.0584,1493580548
32,171,-0.2,0,2.0584,1493580548
32,171,-0.2,0,2.0584,1493580548
72,138,-0.2,0,1.46312,1493580548
66,137,-0.2,0,1.42157,1493580548
58,136,-0.2,0,1.3757,1493580548
59,136,-0.2,0,1.37887,1493580548
55,134,-0.2,0,1.329,1493580548
52,133,-0.2,0,1.30175,1493580548
50,132,-0.2,0,1.27782,1493580548
47,131,-0.2,0,1.25166,1493580548
41,132,-0.2,0,1.2556,1493580548
39,130,-0.2,0,1.21487,1493580548
38,128,-0.2,0,1.17695,1493580548
35,127,-0.2,0,1.1533,1493580548
34,127,-0.2,0,1.15143,1493580548
34,127,-0.2,0,1.15143,1493580548
36,108,0,0,0.845156,1493580548
40,102,0,0,0.765903,1493580548
43,101,0,0,0.75856,1493580548
42,99,0,0,0.728477,1493580548
41,98,0,0,0.712545,1493580548
40,96,0,0,0.683403,1493580548
39,93,0,0,0.641885,1493580548
38,90,0,0,0.601671,1493580548
37,87,0,0,0.562761,1493580548
35,84,0,0,0.52323,1493580548
34,81,0,0,0.486984,1493580548
33,78,0,0,0.452041,1493580548
31,74,0,0,0.406347,1493580549
31,74,0,0,0.406347,1493580549
30,71,0,0,0.374483,1493580549
28,67,0,0,0.333003,1493580549
26,64,0,0,0.302782,1493580549
25,61,0,0,0.275357,1493580549
24,58,0,0,0.249236,1493580549
23,55,0,0,0.224419,1493580549
22,52,0,0,0.200907,1493580549
21,49,0,0,0.178699,1493580549
21,45,0,0,0.152588,1493580549
21,41,0,0,0.128699,1493580549
22,35,0,0,0.0981988,1493580549
24,32,0,0,0.0867361,1493580549
27,30,0,0,0.0822754,1493580549
27,29,0,0,0.0781782,1493580549
28,28,0,0,0.0757118,1493580549
28,27,0,0,0.0718924,1493580549
29,25,0,0,0.0662164,1493580549
30,24,0,0,0.0644141,1493580549
30,22,0,0,0.0580252,1493580549
31,21,0,0,0.0566938,1493580549
31,19,0,0,0.0511382,1493580549
31,18,0,0,0.0485688,1493580549
31,16,0,0,0.0438466,1493580549
31,15,0,0,0.0416938,1493580549
30,13,0,0,0.0361502,1493580549
29,12,0,0,0.0328136,1493580549
28,11,0,0,0.0296701,1493580549
27,10,0,0,0.0267198,1493580549
26,8,0,0,0.0227821,1493580550
25,8,0,0,0.0213987,1493580550
24,5,0,0,0.0173611,1493580550
23,1,0,0,0.0144195,1493580550
25,-7,0,0,0.020357,1493580550
8,-26,0,0,0.0486806,1493580550
9,-36,0,0,0.0921973,1493580550
11,-48,0,0,0.163282,1493580550
11,-60,0,0,0.253282,1493580550
14,-71,0,0,0.355386,1493580550
15,-71,0,0,0.356173,1493580550
20,-80,0,0,0.455295,1493580550
23,-87,0,0,0.539975,1493580550
22,-92,0,0,0.600907,1493580550
21,-98,0,0,0.678907,1493580550
19,-104,0,0,0.760904,1493580550
14,-115,0,0,0.92372,1493580550
11,-125,0.2,0,1.08835,1493580550
7,-130,0.2,0,1.17494,1493580550
6,-134,0.2,0,1.24792,1493580550
7,-138,0.2,0,1.32383,1493580550
7,-143,0.2,0,1.4214,1493580550
7,-143,0.2,0,1.4214,1493580550
7,-145,0.2,0,1.4614,1493580550
8,-147,0.2,0,1.50236,1493580550
8,-147,0.2,0,1.50236,1493580550
8,-148,0.2,0,1.52285,1493580550
9,-148,0.2,0,1.52331,1493580550
8,-148,0.2,0,1.52285,1493580550
7,-148,0.2,0,1.52244,1493580550
6,-148,0.2,0,1.52209,1493580550
5,-148,0.2,0,1.52179,1493580550
4,-147,0.2,0,1.50106,1493580550
1,-146,0.2,0,1.4803,1493580551
-2,-145,0.2,0,1.46018,1493580551
-5,-144,0.2,0,1.44068,1493580551
-6,-142,0.2,0,1.40125,1493580551
-6,-142,0.2,0,1.40125,1493580551
-7,-140,0.2,0,1.36244,1493580551
-7,-138,0.2,0,1.32383,1493580551
-8,-135,0.2,0,1.26736,1493580551
-8,-133,0.2,0,1.23014,1493580551
-8,-131,0.2,0,1.19347,1493580551
-8,-129,0.2,0,1.15736,1493580551
-8,-127,0.2,0,1.12181,1493580551
-7,-126,0.2,0,1.10383,1493580551
-7,-124,0.2,0,1.06911,1493580551
-6,-122,0.2,0,1.03459,1493580551
-6,-120,0.2,0,1.00098,1493580551
-7,-118,0,0,0.968274,1493580551
-6,-117,0,0,0.951602,1493580551
-6,-115,0,0,0.919379,1493580551
-6,-113,0,0,0.887713,1493580551
-6,-110,0,0,0.841254,1493580551
-7,-109,0,0,0.826399,1493580551
-8,-108,0,0,0.811736,1493580551
-9,-107,0,0,0.797267,1493580551
-9,-107,0,0,0.797267,1493580551
-9,-107,0,0,0.797267,1493580551
-12,-106,0,0,0.784184,1493580551
-12,-107,0,0,0.798976,1493580551
-13,-107,0,0,0.799654,1493580551
-13,-107,0,0,0.799654,1493580551
-14,-108,0,0,0.815317,1493580551
-14,-108,0,0,0.815317,1493580552
-14,-109,0,0,0.830386,1493580552
-14,-111,0,0,0.860942,1493580552
-15,-112,0,0,0.877215,1493580552
-15,-113,0,0,0.89284,1493580552
-15,-113,0,0,0.89284,1493580552
-16,-114,0,0,0.909444,1493580552
-16,-115,0,0,0.925347,1493580552
-16,-115,0,0,0.925347,1493580552
-15,-116,0,0,0.940548,1493580552
-16,-119,0,0,0.990347,1493580552
-17,-122,0.2,0,1.04145,1493580552
-17,-125,0.2,0,1.09291,1493580552
-18,-128,0.2,0,1.14657,1493580552
-18,-128,0.2,0,1.14657,1493580552
-19,-131,0.2,0,1.20153,1493580552
-20,-135,0.2,0,1.27648,1493580552
-19,-139,0.2,0,1.35153,1493580552
-17,-144,0.2,0,1.44784,1493580552
-16,-148,0.2,0,1.52806,1493580552
-14,-151,0.2,0,1.58872,1493580552
-14,-151,0.2,0,1.58872,1493580552
-13,-153,0.2,0,1.63021,1493580552
-12,-154,0.2,0,1.65085,1493580552
-11,-155,0.2,0,1.67169,1493580552
-10,-156,0.2,0,1.69271,1493580552
-9,-157,0.2,0,1.71393,1493580552
-8,-157,0.2,0,1.71347,1493580552
-7,-157,0.2,0,1.71307,1493580552
-7,-156,0.2,0,1.69133,1493580552
-7,-155,0.2,0,1.66973,1493580552
-8,-154,0.2,0,1.64868,1493580552
-10,-151,0.2,0,1.58612,1493580552
-12,-143,0.2,0,1.42398,1493580552
-13,-133,0.2,0,1.23299,1493580553
-12,-126,0.2,0,1.10641,1493580553
-14,-119,0,0,0.98872,1493580553
-15,-109,0,0,0.831173,1493580553
-15,-109,0,0,0.831173,1493580553
-18,-97,0,0,0.662192,1493580553
-18,-90,0,0,0.571289,1493580553
-19,-83,0,0,0.488196,1493580553
-19,-75,0,0,0.400418,1493580553
-18,-67,0,0,0.320525,1493580553
-19,-59,0,0,0.251529,1493580553
-20,-59,0,0,0.252587,1493580553
-22,-49,0,0,0.179865,1493580553
-23,-40,0,0,0.125461,1493580553
-24,-32,0,0,0.0867361,1493580553
-26,-26,0,0,0.0652821,1493580553
-27,-21,0,0,0.0504004,1493580553
-27,-17,0,0,0.0398448,1493580553
-28,-13,0,0,0.0330035,1493580553
-29,-9,0,0,0.0284386,1493580553
-29,-5,0,0,0.0245497,1493580553
-29,-2,0,0,0.0230914,1493580553
-29,1,0,0,0.022883,1493580553
-28,3,0,0,0.0218924,1493580553
-27,3,0,0,0.0204004,1493580553
-27,3,0,0,0.0204004,1493580553
-27,3,0,0,0.0204004,1493580553
-27,3,0,0,0.0204004,1493580553
-27,3,0,0,0.0204004,1493580553
-27,4,0,0,0.0208865,1493580553
-27,5,0,0,0.0215115,1493580553
-26,5,0,0,0.0200738,1493580553
-25,6,0,0,0.0194542,1493580554
-25,6,0,0,0.0194542,1493580554
-25,7,0,0,0.020357,1493580554
-25,7,0,0,0.020357,1493580554
-24,7,0,0,0.0190278,1493580554
-24,7,0,0,0.0190278,1493580554
-24,7,0,0,0.0190278,1493580554
-24,8,0,0,0.0200694,1493580554
-24,10,0,0,0.0225694,1493580554
-25,21,0,0,0.0475792,1493580554
-25,28,0,0,0.0713987,1493580554
-26,37,0,0,0.113407,1493580554
-27,46,0,0,0.16672,1493580554
-29,55,0,0,0.232883,1493580554
-29,55,0,0,0.232883,1493580554
-30,64,0,0,0.308859,1493580554
-30,73,0,0,0.394484,1493580554
-30,80,0,0,0.468859,1493580554
-31,84,0,0,0.516069,1493580554
-33,88,0,0,0.567319,1493580554
-32,91,0,0,0.602847,1493580554
-31,95,0,0,0.652805,1493580554
-30,98,0,0,0.691359,1493580554
-30,98,0,0,0.691359,1493580554
-30,103,0,0,0.76115,1493580554
-32,107,0,0,0.822847,1493580554
-33,111,0,0,0.885166,1493580554
-32,115,0,0,0.946181,1493580554
-35,119,-0.2,0,1.01663,1493580554
-45,122,-0.2,0,1.08854,1493580554
-51,124,-0.2,0,1.13833,1493580554
-51,127,-0.2,0,1.19063,1493580555
-49,129,-0.2,0,1.22076,1493580555
-46,131,-0.2,0,1.24914,1493580555
-41,133,-0.2,0,1.274,1493580555
-34,134,-0.2,0,1.2783,1493580555
-32,135,-0.2,0,1.2934,1493580555
-32,135,-0.2,0,1.2934,1493580555
-32,136,-0.2,0,1.31222,1493580555
-32,136,-0.2,0,1.31222,1493580555
-32,135,-0.2,0,1.2934,1493580555
-33,135,-0.2,0,1.29517,1493580555
-33,135,-0.2,0,1.29517,1493580555
-34,135,-0.2,0,1.29698,1493580555
-35,134,-0.2,0,1.28017,1493580555
-36,133,-0.2,0,1.26356,1493580555
-37,132,-0.2,0,1.24714,1493580555
-39,132,-0.2,0,1.25126,1493580555
-39,132,-0.2,0,1.25126,1493580555
-47,131,-0.2,0,1.25166,1493580555
-54,130,-0.2,0,1.25271,1493580555
-56,129,-0.2,0,1.24069,1493580555
-57,127,-0.2,0,1.2082,1493580555
-58,126,-0.2,0,1.19375,1493580555
-58,125,-0.2,0,1.17632,1493580555
-57,123,-0.2,0,1.13876,1493580555
-54,119,-0.2,0,1.0625,1493580555
-50,115,0,0,0.98622,1493580555
-47,112,0,0,0.931034,1493580555
-41,110,0,0,0.885878,1493580555
-35,107,0,0,0.8283,1493580555
-33,105,0,0,0.795166,1493580555
-33,102,0,0,0.752041,1493580555
-33,100,0,0,0.723985,1493580555
-34,99,0,0,0.711984,1493580556
-35,97,0,0,0.686633,1493580556
-36,96,0,0,0.675156,1493580556
-37,95,0,0,0.663873,1493580556
-38,94,0,0,0.652782,1493580556
-39,94,0,0,0.654871,1493580556
-39,93,0,0,0.641885,1493580556
-40,93,0,0,0.644028,1493580556
-40,91,0,0,0.618472,1493580556
-41,90,0,0,0.6081,1493580556
-40,89,0,0,0.593472,1493580556
-41,89,0,0,0.59567,1493580556
-40,89,0,0,0.593472,1493580556
-39,91,0,0,0.616329,1493580556
-41,91,0,0,0.620669,1493580556
-42,93,0,0,0.648477,1493580556
-42,95,0,0,0.674588,1493580556
-39,99,0,0,0.721885,1493580556
-37,102,0,0,0.759637,1493580556
-36,107,0,0,0.830226,1493580556
-40,115,0,0,0.961806,1493580556
-43,124,-0.2,0,1.11794,1493580556
-43,124,-0.2,0,1.11794,1493580556
-44,129,-0.2,0,1.20814,1493580556
-42,132,-0.2,0,1.25785,1493580556
-40,134,-0.2,0,1.29035,1493580556
-37,135,-0.2,0,1.30276,1493580556
-35,137,-0.2,0,1.33663,1493580556
-33,138,-0.2,0,1.35204,1493580556
-31,139,-0.2,0,1.3678,1493580556
-31,139,-0.2,0,1.3678,1493580556
-27,140,-0.2,0,1.38089,1493580556
-23,139,-0.2,0,1.35609,1493580556
-20,138,-0.2,0,1.33335,1493580557
-20,138,-0.2,0,1.33335,1493580557
-21,137,-0.2,0,1.31537,1493580557
-23,137,-0.2,0,1.31775,1493580557
-25,137,-0.2,0,1.32036,1493580557
-26,137,-0.2,0,1.32174,1493580557
-27,136,-0.2,0,1.30422,1493580557
-27,135,-0.2,0,1.2854,1493580557
-27,134,-0.2,0,1.26672,1493580557
-28,134,-0.2,0,1.26821,1493580557
-27,133,-0.2,0,1.24818,1493580557
-25,133,-0.2,0,1.24536,1493580557
-23,133,-0.2,0,1.24275,1493580557
-20,133,-0.2,0,1.23925,1493580557
-20,132,-0.2,0,1.22085,1493580557
-20,131,-0.2,0,1.20259,1493580557
-20,131,-0.2,0,1.20259,1493580557
-22,128,-0.2,0,1.15091,1493580557
-23,129,-0.2,0,1.16998,1493580557
-22,128,-0.2,0,1.15091,1493580557
-22,128,-0.2,0,1.15091,1493580557
-15,109,0,0,0.831173,1493580557
-12,104,0,0,0.755017,1493580557
-13,103,0,0,0.741321,1493580557
-14,101,0,0,0.71372,1493580557
-14,99,0,0,0.685942,1493580557
-14,97,0,0,0.65872,1493580557
-14,97,0,0,0.65872,1493580557
-13,96,0,0,0.644584,1493580557
-12,95,0,0,0.630642,1493580557
-11,96,0,0,0.643282,1493580558
-10,97,0,0,0.656115,1493580558
-8,98,0,0,0.668681,1493580558
-8,98,0,0,0.668681,1493580558
-6,100,0,0,0.695421,1493580558
-4,102,0,0,0.722934,1493580558
-3,104,0,0,0.751355,1493580558
-1,106,0,0,0.780305,1493580558
0,106,0,0,0.780278,1493580558
1,107,0,0,0.795097,1493580558
2,107,0,0,0.795178,1493580558
2,107,0,0,0.795178,1493580558
2,107,0,0,0.795178,1493580558
2,106,0,0,0.780386,1493580558
2,106,0,0,0.780386,1493580558
1,106,0,0,0.780305,1493580558
-1,105,0,0,0.765652,1493580558
-2,105,0,0,0.765733,1493580558
-3,106,0,0,0.780522,1493580558
-3,106,0,0,0.780522,1493580558
-4,107,0,0,0.795503,1493580558
-4,107,0,0,0.795503,1493580558
-4,108,0,0,0.810434,1493580558
-3,109,0,0,0.825314,1493580558
-3,109,0,0,0.825314,1493580558
-1,130,-0.2,0,1.17364,1493580558
-1,134,-0.2,0,1.24697,1493580558
-3,135,-0.2,0,1.26587,1493580558
-3,135,-0.2,0,1.26587,1493580558
-3,135,-0.2,0,1.26587,1493580558
-4,134,-0.2,0,1.24738,1493580558
-5,134,-0.2,0,1.24762,1493580558
-6,134,-0.2,0,1.24792,1493580558
-6,134,-0.2,0,1.24792,1493580558
-7,134,-0.2,0,1.24827,1493580559
-5,134,-0.2,0,1.24762,1493580559
-5,134,-0.2,0,1.24762,1493580559
-5,134,-0.2,0,1.24762,1493580559
-5,134,-0.2,0,1.24762,1493580559
-4,134,-0.2,0,1.24738,1493580559
-4,133,-0.2,0,1.22884,1493580559
-3,132,-0.2,0,1.21024,1493580559
-1,132,-0.2,0,1.21003,1493580559
1,132,-0.2,0,1.21003,1493580559
4,131,-0.2,0,1.19217,1493580559
8,131,-0.2,0,1.19347,1493580559
9,131,-0.2,0,1.19393,1493580559
9,131,-0.2,0,1.19393,1493580559
-1,111,0,0,0.855652,1493580559
-2,105,0,0,0.765733,1493580559
-4,103,0,0,0.73717,1493580559
-5,103,0,0,0.737414,1493580559
-5,103,0,0,0.737414,1493580559
-5,104,0,0,0.751789,1493580559
-5,104,0,0,0.751789,1493580559
-5,104,0,0,0.751789,1493580559
-4,104,0,0,0.751545,1493580559
-4,104,0,0,0.751545,1493580559
-4,104,0,0,0.751545,1493580559
-4,104,0,0,0.751545,1493580559
-4,104,0,0,0.751545,1493580559
-4,103,0,0,0.73717,1493580559
-4,103,0,0,0.73717,1493580559
-4,103,0,0,0.73717,1493580559
-4,103,0,0,0.73717,1493580559
-3,101,0,0,0.708647,1493580559
-3,101,0,0,0.708647,1493580560
-2,101,0,0,0.708511,1493580560
-1,100,0,0,0.694472,1493580560
-1,101,0,0,0.70843,1493580560
-1,103,0,0,0.736763,1493580560
-3,105,0,0,0.765869,1493580560
-3,105,0,0,0.765869,1493580560
-5,107,0,0,0.795748,1493580560
-8,109,0,0,0.826806,1493580560
-8,109,0,0,0.826806,1493580560
1,130,-0.2,0,1.17364,1493580560
-1,134,-0.2,0,1.24697,1493580560
-5,138,-0.2,0,1.32318,1493580560
-5,138,-0.2,0,1.32318,1493580560
-5,138,-0.2,0,1.32318,1493580560
-5,138,-0.2,0,1.32318,1493580560
-5,138,-0.2,0,1.32318,1493580560
-5,138,-0.2,0,1.32318,1493580560
-5,138,-0.2,0,1.32318,1493580560
-5,138,-0.2,0,1.32318,1493580560
-5,138,-0.2,0,1.32318,1493580560
-5,138,-0.2,0,1.32318,1493580560
-5,138,-0.2,0,1.32318,1493580560
-5,138,-0.2,0,1.32318,1493580560
-5,138,-0.2,0,1.32318,1493580560
-5,138,-0.2,0,1.32318,1493580560
-5,138,-0.2,0,1.32318,1493580560
-5,138,-0.2,0,1.32318,1493580560
-5,138,-0.2,0,1.32318,1493580560
-5,138,-0.2,0,1.32318,1493580560
-5,138,-0.2,0,1.32318,1493580560
-5,138,-0.2,0,1.32318,1493580560
-5,138,-0.2,0,1.32318,1493580561
-5,138,-0.2,0,1.32318,1493580561
-5,138,-0.2,0,1.32318,1493580561
-5,138,-0.2,0,1.32318,1493580561
-5,138,-0.2,0,1.32318,1493580561
-5,138,-0.2,0,1.32318,1493580561
20,134,-0.2,0,1.2578,1493580561
20,134,-0.2,0,1.2578,1493580561
21,132,-0.2,0,1.22196,1493580561
24,131,-0.2,0,1.20736,1493580561
27,131,-0.2,0,1.21151,1493580561
30,130,-0.2,0,1.19803,1493580561
31,130,-0.2,0,1.19968,1493580561
31,130,-0.2,0,1.19968,1493580561
31,130,-0.2,0,1.19968,1493580561
31,130,-0.2,0,1.19968,1493580561
31,130,-0.2,0,1.19968,1493580561
19,108,0,0,0.819793,1493580561
19,108,0,0,0.819793,1493580561
23,106,0,0,0.794628,1493580561
24,105,0,0,0.78125,1493580561
25,103,0,0,0.75369,1493580561
26,101,0,0,0.72674,1493580561
28,99,0,0,0.701892,1493580561
28,97,0,0,0.67467,1493580561
27,94,0,0,0.633386,1493580561
28,92,0,0,0.609045,1493580561
28,89,0,0,0.571337,1493580561
28,85,0,0,0.523003,1493580561
28,81,0,0,0.476892,1493580561
28,77,0,0,0.433003,1493580561
28,73,0,0,0.391337,1493580561
28,69,0,0,0.351892,1493580562
27,65,0,0,0.313178,1493580562
27,61,0,0,0.278178,1493580562
28,59,0,0,0.263003,1493580562
27,55,0,0,0.229845,1493580562
27,52,0,0,0.207553,1493580562
27,52,0,0,0.207553,1493580562
26,49,0,0,0.185074,1493580562
26,46,0,0,0.165282,1493580562
25,44,0,0,0.151399,1493580562
24,41,0,0,0.132361,1493580562
23,39,0,0,0.119975,1493580562
23,39,0,0,0.119975,1493580562
23,39,0,0,0.119975,1493580562
23,39,0,0,0.119975,1493580562
23,39,0,0,0.119975,1493580562
33,21,0,0,0.060166,1493580562
30,15,0,0,0.0400391,1493580562
29,12,0,0,0.0328136,1493580562
27,9,0,0,0.0254004,1493580562
26,5,0,0,0.0200738,1493580562
26,-1,0,0,0.0184071,1493580562
30,-8,0,0,0.0288585,1493580562
34,-18,0,0,0.0538585,1493580562
34,-18,0,0,0.0538585,1493580562
34,-18,0,0,0.0538585,1493580562
34,-18,0,0,0.0538585,1493580562
34,-18,0,0,0.0538585,1493580562
34,-18,0,0,0.0538585,1493580562
34,-18,0,0,0.0538585,1493580562
33,-86,0,0,0.543152,1493580562
28,-96,0,0,0.661267,1493580563
27,-102,0,0,0.742275,1493580563
32,-106,0,0,0.808056,1493580563
32,-106,0,0,0.808056,1493580563
32,-106,0,0,0.808056,1493580563
7,-131,0.2,0,1.19307,1493580563
16,-132,0.2,0,1.21694,1493580563
20,-135,0.2,0,1.27648,1493580563
19,-139,0.2,0,1.35153,1493580563
16,-143,0.2,0,1.42701,1493580563
15,-145,0.2,0,1.46617,1493580563
15,-145,0.2,0,1.46617,1493580563
8,-150,0.2,0,1.56424,1493580563
4,-153,0.2,0,1.62606,1493580563
4,-153,0.2,0,1.62606,1493580563
4,-153,0.2,0,1.62606,1493580563
0,-148,0.2,0,1.52111,1493580563
1,-146,0.2,0,1.4803,1493580563
1,-146,0.2,0,1.4803,1493580563
5,-141,0.2,0,1.3813,1493580563
5,-140,0.2,0,1.36179,1493580563
9,-138,0.2,0,1.3247,1493580563
10,-135,0.2,0,1.26834,1493580563
9,-133,0.2,0,1.2306,1493580563
8,-133,0.2,0,1.23014,1493580563
8,-132,0.2,0,1.21174,1493580563
3,-133,0.2,0,1.22865,1493580563
-4,-133,0.2,0,1.22884,1493580563
-11,-133,0.2,0,1.23169,1493580563
-17,-132,0.2,0,1.21784,1493580563
-20,-131,0.2,0,1.20259,1493580563
-23,-130,0.2,0,1.18796,1493580563
-23,-130,0.2,0,1.18796,1493580564
-23,-130,0.2,0,1.18796,1493580564
10,-107,0,0,0.797782,1493580564
10,-107,0,0,0.797782,1493580564
10,-107,0,0,0.797782,1493580564
10,-108,0,0,0.812713,1493580564
11,-109,0,0,0.828352,1493580564
11,-109,0,0,0.828352,1493580564
13,-108,0,0,0.814584,1493580564
12,-108,0,0,0.813906,1493580564
12,-108,0,0,0.813906,1493580564
8,-107,0,0,0.796806,1493580564
3,-107,0,0,0.795314,1493580564
0,-105,0,0,0.765625,1493580564
-4,-105,0,0,0.766059,1493580564
-3,-104,0,0,0.751355,1493580564
-5,-103,0,0,0.737414,1493580564
-6,-103,0,0,0.737713,1493580564
-7,-102,0,0,0.723829,1493580564
-8,-101,0,0,0.710139,1493580564
-9,-99,0,0,0.682822,1493580564
-8,-96,0,0,0.641736,1493580564
-8,-91,0,0,0.576806,1493580564
-7,-87,0,0,0.526954,1493580564
-6,-84,0,0,0.490977,1493580564
-6,-84,0,0,0.490977,1493580564
-6,-83,0,0,0.479379,1493580564
-6,-83,0,0,0.479379,1493580564
-6,-84,0,0,0.490977,1493580564
-6,-84,0,0,0.490977,1493580564
-6,-84,0,0,0.490977,1493580564
-6,-83,0,0,0.479379,1493580564
-7,-83,0,0,0.479732,1493580565
-7,-82,0,0,0.468274,1493580565
-7,-82,0,0,0.468274,1493580565
-7,-82,0,0,0.468274,1493580565
-7,-82,0,0,0.468274,1493580565
-6,-82,0,0,0.467921,1493580565
-7,-82,0,0,0.468274,1493580565
-7,-82,0,0,0.468274,1493580565
-7,-82,0,0,0.468274,1493580565
-6,-82,0,0,0.467921,1493580565
-6,-81,0,0,0.456602,1493580565
-6,-79,0,0,0.434379,1493580565
-7,-78,0,0,0.423829,1493580565
-7,-78,0,0,0.423829,1493580565
-7,-78,0,0,0.423829,1493580565
-8,-81,0,0,0.457361,1493580565
-9,-84,0,0,0.492197,1493580565
-9,-88,0,0,0.539975,1493580565
-10,-94,0,0,0.616324,1493580565
-11,-99,0,0,0.683907,1493580565
-11,-99,0,0,0.683907,1493580565
-10,-105,0,0,0.768338,1493580565
-7,-106,0,0,0.781607,1493580565
-7,-106,0,0,0.781607,1493580565
27,-102,0,0,0.742275,1493580565
12,-104,0,0,0.755017,1493580565
13,-107,0,0,0.799654,1493580565
13,-110,0,0,0.844862,1493580565
13,-110,0,0,0.844862,1493580565
13,-110,0,0,0.844862,1493580565
11,-139,0.2,0,1.34502,1493580565
3,-147,0.2,0,1.50087,1493580565
4,-149,0.2,0,1.54217,1493580565
6,-149,0.2,0,1.54271,1493580566
6,-150,0.2,0,1.56348,1493580566
6,-150,0.2,0,1.56348,1493580566
7,-150,0.2,0,1.56383,1493580566
7,-151,0.2,0,1.58473,1493580566
7,-151,0.2,0,1.58473,1493580566
8,-151,0.2,0,1.58514,1493580566
7,-151,0.2,0,1.58473,1493580566
5,-150,0.2,0,1.56318,1493580566
5,-150,0.2,0,1.56318,1493580566
3,-149,0.2,0,1.54198,1493580566
2,-148,0.2,0,1.52122,1493580566
1,-145,0.2,0,1.4601,1493580566
0,-142,0.2,0,1.40028,1493580566
0,-140,0.2,0,1.36111,1493580566
1,-138,0.2,0,1.32253,1493580566
2,-137,0.2,0,1.30351,1493580566
2,-137,0.2,0,1.30351,1493580566
3,-134,0.2,0,1.24719,1493580566
2,-134,0.2,0,1.24705,1493580566
1,-133,0.2,0,1.22843,1493580566
0,-132,0.2,0,1.21,1493580566
-2,-132,0.2,0,1.21011,1493580566
-3,-132,0.2,0,1.21024,1493580566
-1,-131,0.2,0,1.19176,1493580566
2,-131,0.2,0,1.19184,1493580566
1,-131,0.2,0,1.19176,1493580566
4,-131,0.2,0,1.19217,1493580566
9,-130,0.2,0,1.17581,1493580566
9,-130,0.2,0,1.17581,1493580566
2,-110,0,0,0.840386,1493580566
-13,-104,0,0,0.755696,1493580566
-13,-103,0,0,0.741321,1493580566
-12,-102,0,0,0.726406,1493580567
-10,-99,0,0,0.683338,1493580567
-9,-96,0,0,0.642197,1493580567
-8,-94,0,0,0.615347,1493580567
-7,-90,0,0,0.563829,1493580567
-6,-88,0,0,0.538754,1493580567
-7,-85,0,0,0.503065,1493580567
-7,-83,0,0,0.479732,1493580567
-7,-81,0,0,0.456954,1493580567
-7,-78,0,0,0.423829,1493580567
-8,-75,0,0,0.392361,1493580567
-8,-72,0,0,0.361736,1493580567
-8,-69,0,0,0.332361,1493580567
-9,-66,0,0,0.304697,1493580567
-8,-64,0,0,0.286181,1493580567
-8,-62,0,0,0.268681,1493580567
-7,-60,0,0,0.251329,1493580567
-7,-58,0,0,0.23494,1493580567
-8,-56,0,0,0.219514,1493580567
-8,-56,0,0,0.219514,1493580567
-9,-54,0,0,0.204697,1493580567
-10,-51,0,0,0.183338,1493580567
-10,-51,0,0,0.183338,1493580567
-10,-50,0,0,0.176324,1493580567
-9,-50,0,0,0.175808,1493580567
-9,-50,0,0,0.175808,1493580567
-9,-50,0,0,0.175808,1493580567
-9,-50,0,0,0.175808,1493580567
-9,-50,0,0,0.175808,1493580567
-9,-50,0,0,0.175808,1493580567
-9,-50,0,0,0.175808,1493580567
-8,-50,0,0,0.175347,1493580567
-8,-50,0,0,0.175347,1493580568
-9,-50,0,0,0.175808,1493580568
-9,-50,0,0,0.175808,1493580568
-9,-50,0,0,0.175808,1493580568
-9,-50,0,0,0.175808,1493580568
-9,-50,0,0,0.175808,1493580568
-10,-50,0,0,0.176324,1493580568
-10,-50,0,0,0.176324,1493580568
-10,-49,0,0,0.169449,1493580568
-10,-48,0,0,0.162713,1493580568
-11,-44,0,0,0.137727,1493580568
-11,-44,0,0,0.137727,1493580568
-10,-34,0,0,0.0829905,1493580568
-11,-20,0,0,0.0310601,1493580568
-17,-6,0,0,0.0103396,1493580568
-17,8,0,0,0.0122841,1493580568
-9,20,0,0,0.029975,1493580568
-9,20,0,0,0.029975,1493580568
-3,31,0,0,0.0669803,1493580568
-2,40,0,0,0.11122,1493580568
-1,52,0,0,0.187805,1493580568
5,72,0,0,0.360678,1493580568
7,81,0,0,0.456954,1493580568
10,89,0,0,0.552782,1493580568
11,95,0,0,0.630018,1493580568
11,100,0,0,0.697727,1493580568
11,100,0,0,0.697727,1493580568
10,106,0,0,0.78299,1493580568
6,108,0,0,0.810977,1493580568
6,108,0,0,0.810977,1493580568
6,108,0,0,0.810977,1493580568
15,130,-0.2,0,1.17971,1493580568
14,134,-0.2,0,1.25226,1493580569
11,135,-0.2,0,1.26891,1493580569
7,135,-0.2,0,1.26695,1493580569
2,135,-0.2,0,1.26573,1493580569
-3,135,-0.2,0,1.26587,1493580569
-5,136,-0.2,0,1.28512,1493580569
-8,135,-0.2,0,1.26736,1493580569
-8,136,-0.2,0,1.28618,1493580569
-8,136,-0.2,0,1.28618,1493580569
-8,136,-0.2,0,1.28618,1493580569
-8,136,-0.2,0,1.28618,1493580569
-12,135,-0.2,0,1.26953,1493580569
-6,135,-0.2,0,1.2666,1493580569
-4,134,-0.2,0,1.24738,1493580569
-2,134,-0.2,0,1.24705,1493580569
1,134,-0.2,0,1.24697,1493580569
3,134,-0.2,0,1.24719,1493580569
3,134,-0.2,0,1.24719,1493580569
3,134,-0.2,0,1.24719,1493580569
5,134,-0.2,0,1.24762,1493580569
7,134,-0.2,0,1.24827,1493580569
9,133,-0.2,0,1.2306,1493580569
11,133,-0.2,0,1.23169,1493580569
13,132,-0.2,0,1.21458,1493580569
12,132,-0.2,0,1.21391,1493580569
16,131,-0.2,0,1.19868,1493580569
18,131,-0.2,0,1.20053,1493580569
20,130,-0.2,0,1.18446,1493580569
20,130,-0.2,0,1.18446,1493580569
6,109,0,0,0.826046,1493580569
6,104,0,0,0.752088,1493580569
6,102,0,0,0.723477,1493580569
6,100,0,0,0.695421,1493580569
6,99,0,0,0.681602,1493580570
7,97,0,0,0.654732,1493580570
7,97,0,0,0.654732,1493580570
8,95,0,0,0.628472,1493580570
7,93,0,0,0.601954,1493580570
7,90,0,0,0.563829,1493580570
7,87,0,0,0.526954,1493580570
6,84,0,0,0.490977,1493580570
6,81,0,0,0.456602,1493580570
7,79,0,0,0.434732,1493580570
8,75,0,0,0.392361,1493580570
7,71,0,0,0.351399,1493580570
8,68,0,0,0.322847,1493580570
8,68,0,0,0.322847,1493580570
8,64,0,0,0.286181,1493580570
8,61,0,0,0.260139,1493580570
8,60,0,0,0.251736,1493580570
7,56,0,0,0.219107,1493580570
7,52,0,0,0.189107,1493580570
8,48,0,0,0.161736,1493580570
11,44,0,0,0.137727,1493580570
11,39,0,0,0.108907,1493580570
10,31,0,0,0.0694488,1493580570
11,31,0,0,0.0700184,1493580570
12,26,0,0,0.0508507,1493580570
25,19,0,0,0.0420237,1493580570
32,14,0,0,0.0413889,1493580570
33,11,0,0,0.0379438,1493580570
33,9,0,0,0.035166,1493580570
33,6,0,0,0.032041,1493580570
32,3,0,0,0.0284028,1493580570
32,1,0,0,0.0278472,1493580570
31,-2,0,0,0.0263466,1493580570
32,-5,0,0,0.0295139,1493580570
32,-7,0,0,0.0311806,1493580571
31,-8,0,0,0.0305132,1493580571
31,-8,0,0,0.0305132,1493580571
27,-9,0,0,0.0254004,1493580571
21,-10,0,0,0.0189073,1493580571
18,-11,0,0,0.0171918,1493580571
16,-11,0,0,0.0153472,1493580571
16,-12,0,0,0.0169444,1493580571
15,-12,0,0,0.0161035,1493580571
13,-13,0,0,0.0163205,1493580571
11,-14,0,0,0.0168934,1493580571
11,-14,0,0,0.0168934,1493580571
9,-16,0,0,0.019975,1493580571
7,-18,0,0,0.0238292,1493580571
5,-20,0,0,0.0284559,1493580571
2,-24,0,0,0.0401085,1493580571
2,-24,0,0,0.0401085,1493580571
0,-26,0,0,0.0469444,1493580571
-1,-28,0,0,0.0544716,1493580571
-1,-29,0,0,0.0584299,1493580571
-2,-29,0,0,0.0585113,1493580571
-2,-31,0,0,0.0668446,1493580571
-2,-31,0,0,0.0668446,1493580571
-2,-32,0,0,0.0712196,1493580571
-3,-34,0,0,0.0805219,1493580571
-3,-36,0,0,0.0902441,1493580571
-3,-37,0,0,0.0953136,1493580571
-4,-37,0,0,0.0955035,1493580571
-4,-37,0,0,0.0955035,1493580571
-5,-37,0,0,0.0957476,1493580571
-5,-37,0,0,0.0957476,1493580571
